TargetID	CompoundID	UniProtID	Smiles
CHEMBL1808	CHEMBL172015	P12821	O=C(NC(Cc1cccnc1)C(=O)CCC(=O)N1CCC[C@H]1C(=O)OCc1ccccc1)c1ccccc1
CHEMBL4296	CHEMBL4560705	Q15858	Cn1cc(-c2ccc(C(F)F)cc2)c2ccc(C(=O)NS(C)(=O)=O)cc21
CHEMBL4296	CHEMBL4459021	Q15858	COc1cc(C(=O)NS(C)(=O)=O)c(F)cc1-c1cnc(OCC2(C)CC2)c(Cl)c1
CHEMBL4296	CHEMBL4457690	Q15858	CC(C)COc1ncc(-c2n[nH]c3cc(C(=O)NS(C)(=O)=O)ccc23)cc1Cl
CHEMBL4296	CHEMBL4537869	Q15858	Cn1c(-c2cnc(N3CCOCC3)nc2)c(C2CCCCC2)c2ccc(C(=O)NS(=O)(=O)C3CC3)cc21
CHEMBL203	CHEMBL4460151	P00533	COc1cc2c(Nc3ccc(F)cc3)ncnc2cc1OCCOCCNC(=O)Cn1cnc([N+](=O)[O-])n1
CHEMBL203	CHEMBL4476791	P00533	C=CC(=O)Nc1cc(Nc2nccc(NC(=O)c3ccccc3)n2)c(OC)cc1N(C)C
CHEMBL203	CHEMBL3735250	P00533	CCC(C)n1cnc2cnc(Nc3ccnc(N4CCC(OC)CC4)n3)cc21
CHEMBL5145	CHEMBL4470801	P15056	CC(C)n1nc(C#Cc2cccc3c(Nc4ccc(Cl)cc4)nccc23)c2c(N)ncnc21
CHEMBL5145	CHEMBL4071785	P15056	CNc1cc(C2(C(=O)Nc3cc(C(=O)Nc4ccc(Cl)cc4)ccc3C)CC2)ncn1
CHEMBL4822	CHEMBL4550145	P56817	COc1ccc(OC)c(-c2cccc(C3(c4ccccc4)N=C(N)N(C)C3=O)c2)c1
CHEMBL4822	CHEMBL4582946	P56817	C[C@@]1(c2cc(NC(=O)c3ccc(F)cn3)ccc2F)CCSC(N)=N1
CHEMBL4822	CHEMBL4583534	P56817	FC(F)(F)c1ccc(CNC2CCN(Cc3ccccc3)CC2)cc1
CHEMBL220	CHEMBL4583534	P22303	FC(F)(F)c1ccc(CNC2CCN(Cc3ccccc3)CC2)cc1
CHEMBL4822	CHEMBL4449985	P56817	CN=[S@@]1(=O)C[C@@](C)(c2cc(-c3cc(-c4ncc(OC)cn4)no3)ccc2F)N=C(N)N1C
CHEMBL4822	CHEMBL4454975	P56817	Cc1noc(C(F)F)c1[C@@H]1C[C@@](C)(c2ccc(F)cc2F)N=C(N)S1
CHEMBL3105	CHEMBL4589423	P09874	O=C(O)C1C(C(=O)O)C(C(=O)NCCOCCOCC(=O)N2CCN(C(=O)c3cc(Cc4n[nH]c(=O)c5ccccc45)ccc3F)CC2)C1C(=O)O
CHEMBL248	CHEMBL4460252	P08246	CNC(=O)O[C@@H](CC(C)C)c1nc([C@H]2OC(=O)[C@H](C)/C=C/C(C)=C/[C@@H](O)[C@@H](C)/C=C(C)\C=C(C)/C=C/[C@@H](O)[C@H](C)[C@H](OC)/C(C)=C/C=C/[C@@H]2C)cs1
CHEMBL4198	CHEMBL4575701	P98170	CN[C@@H](C)C(=O)NC1CCCC[C@H]2CC[C@@H](C(=O)N[C@@H](c3ccccc3)c3cn(CCCCc4ccc(CCCCn5cc([C@@H](NC(=O)[C@@H]6CC[C@@H]7CCCC[C@H](NC(=O)[C@H](C)NC)C(=O)N76)c6ccccc6)nn5)cc4)nn3)N2C1=O
CHEMBL3429	CHEMBL4578651	P11474	COCCNC(=O)/C(C#N)=C/c1ccc(OCc2ccc(C(F)(F)F)cc2C(F)(F)F)c(OC)c1
CHEMBL3429	CHEMBL4440692	P11474	COc1cc(/C=C(\C#N)C(=O)NCCOCCC(=O)O)ccc1OCc1ccc(C(F)(F)F)cc1C(F)(F)F
CHEMBL4005	CHEMBL4568963	P42336	COCC(=O)N(C)C1CCN(Cc2cc3nc(-c4cccc5[nH]ncc45)nc(N4CCOCC4)c3s2)CC1
CHEMBL3130	CHEMBL4568963	O00329	COCC(=O)N(C)C1CCN(Cc2cc3nc(-c4cccc5[nH]ncc45)nc(N4CCOCC4)c3s2)CC1
CHEMBL4005	CHEMBL4545915	P42336	CS(=O)(=O)O.CS(=O)(=O)O.O.O.c1cnc2ccc(Nc3nc(NC4CC4)c4nc[nH]c4n3)cc2c1
CHEMBL3267	CHEMBL4545915	P48736	CS(=O)(=O)O.CS(=O)(=O)O.O.O.c1cnc2ccc(Nc3nc(NC4CC4)c4nc[nH]c4n3)cc2c1
CHEMBL3130	CHEMBL4545915	O00329	CS(=O)(=O)O.CS(=O)(=O)O.O.O.c1cnc2ccc(Nc3nc(NC4CC4)c4nc[nH]c4n3)cc2c1
CHEMBL3145	CHEMBL4545915	P42338	CS(=O)(=O)O.CS(=O)(=O)O.O.O.c1cnc2ccc(Nc3nc(NC4CC4)c4nc[nH]c4n3)cc2c1
CHEMBL4005	CHEMBL4461362	P42336	COc1ncc(-c2ccc3ncnc(NC4CCNCC4)c3c2)cc1NS(C)(=O)=O
CHEMBL4005	CHEMBL4469006	P42336	CC(=O)N1CCN(C(=O)c2cccc(-c3ncnc4ccc(-c5cnc6ccccc6c5)cc34)c2)CC1
CHEMBL3130	CHEMBL4469006	O00329	CC(=O)N1CCN(C(=O)c2cccc(-c3ncnc4ccc(-c5cnc6ccccc6c5)cc34)c2)CC1
CHEMBL4005	CHEMBL4443987	P42336	CC(=O)N(C)C1CCCN(Cc2cc3nc(-c4cnc(N)nc4)nc(N4CCOCC4)c3s2)C1
CHEMBL3267	CHEMBL4443987	P48736	CC(=O)N(C)C1CCCN(Cc2cc3nc(-c4cnc(N)nc4)nc(N4CCOCC4)c3s2)C1
CHEMBL3130	CHEMBL4443987	O00329	CC(=O)N(C)C1CCCN(Cc2cc3nc(-c4cnc(N)nc4)nc(N4CCOCC4)c3s2)C1
CHEMBL4005	CHEMBL4466025	P42336	NC(=O)CNC(=O)[C@H]1CCCN(c2nc(N3CCOCC3)nc(-n3c(C(F)F)nc4ccccc43)n2)C1
CHEMBL3267	CHEMBL4466025	P48736	NC(=O)CNC(=O)[C@H]1CCCN(c2nc(N3CCOCC3)nc(-n3c(C(F)F)nc4ccccc43)n2)C1
CHEMBL3130	CHEMBL4466025	O00329	NC(=O)CNC(=O)[C@H]1CCCN(c2nc(N3CCOCC3)nc(-n3c(C(F)F)nc4ccccc43)n2)C1
CHEMBL3145	CHEMBL4466025	P42338	NC(=O)CNC(=O)[C@H]1CCCN(c2nc(N3CCOCC3)nc(-n3c(C(F)F)nc4ccccc43)n2)C1
CHEMBL4005	CHEMBL4515169	P42336	COc1ncc(-c2ccc3ncnc(NC4CCN(C(C)=O)CC4)c3c2)cc1NS(C)(=O)=O
CHEMBL4005	CHEMBL4443297	P42336	COCC(=O)NC1CCCN(Cc2cc3nc(-c4cnc(N)nc4)nc(N4CCOCC4)c3s2)C1
CHEMBL3267	CHEMBL4443297	P48736	COCC(=O)NC1CCCN(Cc2cc3nc(-c4cnc(N)nc4)nc(N4CCOCC4)c3s2)C1
CHEMBL3130	CHEMBL4443297	O00329	COCC(=O)NC1CCCN(Cc2cc3nc(-c4cnc(N)nc4)nc(N4CCOCC4)c3s2)C1
CHEMBL240	CHEMBL4517101	Q12809	N#Cc1ccc(O[C@H]2CN(S(=O)(=O)c3ccc(Cl)cc3Cl)C[C@@]2(O)CN)cc1F
CHEMBL3119	CHEMBL4517101	Q9HBA0	N#Cc1ccc(O[C@H]2CN(S(=O)(=O)c3ccc(Cl)cc3Cl)C[C@@]2(O)CN)cc1F
CHEMBL240	CHEMBL4586271	Q12809	COc1cc([C@](O)(CCN(C)C)[C@@H](c2cc3cc(C#N)ccc3nc2OC)c2cccc3c2CCC3)cc(OC)n1
CHEMBL240	CHEMBL4567098	Q12809	CN(C)c1ccc(CNC(=O)[C@@H]2CNC[C@H]2c2ccc(C(F)(F)F)c(Cl)c2)cc1
CHEMBL240	CHEMBL4590477	Q12809	Cc1cc(-c2ccnc3[nH]nc(C(F)(F)F)c23)cc(C2(CN)CCC2)c1
CHEMBL3920	CHEMBL4590477	Q04759	Cc1cc(-c2ccnc3[nH]nc(C(F)(F)F)c23)cc(C2(CN)CCC2)c1
CHEMBL240	CHEMBL4475081	Q12809	C[C@@H]1OCC2(CCN(c3cnc4c(-c5cccc(Cl)c5Cl)c[nH]c4n3)CC2)[C@@H]1N
CHEMBL3864	CHEMBL4475081	Q06124	C[C@@H]1OCC2(CCN(c3cnc4c(-c5cccc(Cl)c5Cl)c[nH]c4n3)CC2)[C@@H]1N
CHEMBL240	CHEMBL4566588	Q12809	Fc1ccc(-c2nc(C3CCNCC3)sc2-c2ccnc(Nc3nncs3)n2)cc1
CHEMBL240	CHEMBL4521547	Q12809	COCCN(CCc1ccc(Cl)cc1)C1CCN(c2nc(N)n[nH]2)CC1
CHEMBL3080	CHEMBL4521547	Q13231	COCCN(CCc1ccc(Cl)cc1)C1CCN(c2nc(N)n[nH]2)CC1
CHEMBL1293197	CHEMBL4521547	Q9BZP6	COCCN(CCc1ccc(Cl)cc1)C1CCN(c2nc(N)n[nH]2)CC1
CHEMBL240	CHEMBL4521294	Q12809	c1ccc(-c2cccc3nc(-c4ccncc4)nc(NCc4ccccn4)c23)cc1
CHEMBL4306	CHEMBL4521294	P22460	c1ccc(-c2cccc3nc(-c4ccncc4)nc(NCc4ccccn4)c23)cc1
CHEMBL240	CHEMBL4443434	Q12809	CC(C)c1ccc(-c2cc(CN3CC[Si](C)(C)CC3)nn2C2CCCCC2)cc1
CHEMBL1741186	CHEMBL4568486	P51449	COc1nc2ccc(C(O)(c3ccc(C)nc3C)c3cnnn3C)cc2c(Cl)c1OCC1CC1(F)F
CHEMBL1741186	CHEMBL4520100	P51449	O=C(O)c1ccc(-n2cc(C(=O)c3c(Cl)cccc3C(F)(F)F)c3ccccc32)cc1
CHEMBL1741186	CHEMBL4475244	P51449	COc1nc2ccc(C(O)(c3ccc(C)nc3C)c3cnnn3C)cc2c(Cl)c1CC(F)(F)F
CHEMBL1741186	CHEMBL4464810	P51449	O=C(O)c1ccc(-c2nn(C(=O)c3c(Cl)cccc3C(F)(F)F)c3cccc(F)c23)cc1Cl
CHEMBL2321643	CHEMBL4594207	Q9H7B4	O=C(NC1CCN(S(=O)(=O)C[C@H]2CC[C@H](NCc3ccc(F)cc3)CC2)CC1)c1cc(C2CC2)on1
CHEMBL2321643	CHEMBL4536672	Q9H7B4	O=C(NC1CCN(S(=O)(=O)c2ccc(CN3CCCC3)cc2)CC1)c1cc(C2CC2)on1
CHEMBL2722	CHEMBL4476620	P19099	Fc1cc2nc(-c3cncnc3C(F)F)n(C3CC3)c2cc1F
CHEMBL239	CHEMBL4552580	Q07869	CC(C)C[C@H](NC(=O)[C@H](Cc1ccccc1)NC(=O)[C@H](CCC(N)=O)NC(=O)[C@@H](NC(=O)[C@H](CC(C)C)NC(=O)[C@H](CC(C)C)NC(=O)[C@@H]1CCCN1C(=O)[C@H](Cc1cnc[nH]1)NC(=O)[C@H](CC(C)C)NC(=O)[C@H](CCC(N)=O)NC(=O)[C@@H](NC(=O)[C@@H]1CCCN1C(=O)[C@@H]1CCCN1C(=O)[C@@H](NC(=O)[C@@H](NC(=O)[C@H](C)N)[C@@H](C)O)[C@@H](C)O)[C@@H](C)O)[C@@H](C)O)C(=O)N[C@@H](CCCNC(=N)N)C(=O)N[C@H](C(=O)N[C@@H](CC(=O)O)C(=O)O)[C@@H](C)O
CHEMBL235	CHEMBL4552580	P37231	CC(C)C[C@H](NC(=O)[C@H](Cc1ccccc1)NC(=O)[C@H](CCC(N)=O)NC(=O)[C@@H](NC(=O)[C@H](CC(C)C)NC(=O)[C@H](CC(C)C)NC(=O)[C@@H]1CCCN1C(=O)[C@H](Cc1cnc[nH]1)NC(=O)[C@H](CC(C)C)NC(=O)[C@H](CCC(N)=O)NC(=O)[C@@H](NC(=O)[C@@H]1CCCN1C(=O)[C@@H]1CCCN1C(=O)[C@@H](NC(=O)[C@@H](NC(=O)[C@H](C)N)[C@@H](C)O)[C@@H](C)O)[C@@H](C)O)[C@@H](C)O)C(=O)N[C@@H](CCCNC(=N)N)C(=O)N[C@H](C(=O)N[C@@H](CC(=O)O)C(=O)O)[C@@H](C)O
CHEMBL1937	CHEMBL4583564	Q92769	CCCNNC(=O)c1ccc(CNCc2ccccc2)cc1.O=C(O)C(F)(F)F
CHEMBL325	CHEMBL4583564	Q13547	CCCNNC(=O)c1ccc(CNCc2ccccc2)cc1.O=C(O)C(F)(F)F
CHEMBL1937	CHEMBL4454484	Q92769	O=C(CCCCCCCNC(=O)c1c(-c2ccc(O)cc2)sc2cc(O)ccc12)NO
CHEMBL325	CHEMBL4454484	Q13547	O=C(CCCCCCCNC(=O)c1c(-c2ccc(O)cc2)sc2cc(O)ccc12)NO
CHEMBL3192	CHEMBL4454484	Q9BY41	O=C(CCCCCCCNC(=O)c1c(-c2ccc(O)cc2)sc2cc(O)ccc12)NO
CHEMBL1865	CHEMBL4438057	Q9UBN7	O=C(NO)c1ccc(Cn2c(=O)n(CCc3ccccc3)c(=O)c3cccnc32)cc1
CHEMBL1865	CHEMBL4563091	Q9UBN7	O=C(NO)c1ccc(N(Cc2ccc(C(F)(F)F)cc2)C(=O)CN(Cc2c(F)c(F)c(F)c(F)c2F)S(=O)(=O)c2ccc(F)cc2)cc1
CHEMBL3310	CHEMBL4563091	Q96DB2	O=C(NO)c1ccc(N(Cc2ccc(C(F)(F)F)cc2)C(=O)CN(Cc2c(F)c(F)c(F)c(F)c2F)S(=O)(=O)c2ccc(F)cc2)cc1
CHEMBL2252	CHEMBL4561264	P53634	CS[C@@H]1CN[C@H](C(=O)N[C@H](C#N)Cc2ccc(-c3ccc(C#N)cc3)cc2)C1
CHEMBL2039	CHEMBL4458212	P27338	C#CCN1CCC(/C=C/c2ccc(C(F)(F)F)cc2)CC1
CHEMBL2039	CHEMBL4551962	P27338	Cc1c(C)c2ccc(OCC3CCCN(Cc4cccc(CO)c4)C3)cc2oc1=O
CHEMBL2039	CHEMBL4579508	P27338	Cn1c(=O)c2c(nc3n2CCCCN3Cc2cccc(Br)c2)n(C)c1=O
CHEMBL2039	CHEMBL4522440	P27338	Cc1c(O)c(=O)ccn1Cc1cc2ccc(OCc3ccc(F)cc3)cc2oc1=O
CHEMBL2039	CHEMBL4456254	P27338	O=C(Nc1cc2cc[nH]c2cn1)c1ccc(F)c(Cl)c1
CHEMBL2039	CHEMBL4550936	P27338	C#CCNC1CCc2c(NCc3cccc(Br)c3)cccc21
CHEMBL2039	CHEMBL4439889	P27338	O=C(Nc1ccc2[nH]ccc2n1)c1ccc(F)c(Cl)c1
CHEMBL217	CHEMBL4442470	P14416	COc1ccccc1N1CCN(CCCNC(=O)NN(Cc2ccccc2F)c2ccc(F)cc2)CC1
CHEMBL219	CHEMBL4442470	P21917	COc1ccccc1N1CCN(CCCNC(=O)NN(Cc2ccccc2F)c2ccc(F)cc2)CC1
CHEMBL217	CHEMBL4579585	P14416	CCCN(CCc1ccc(NC(=O)CCC(=O)NCCCCCC(=O)NCc2ccc(C(=O)NCCCCCC(=O)NCCCCCC(=O)NCc3ccc(C(=O)NCCCCCC(=O)NCCCCCCNC(=O)c4nn(-c5ccc(Cl)cc5Cl)c(-c5ccc(Cl)cc5)c4C)cc3)cc2)cc1)C1CCc2c(O)cccc2C1
CHEMBL217	CHEMBL4438361	P14416	CCCCN1CCN(c2ccccc2OCCF)CC1
CHEMBL234	CHEMBL4438361	P35462	CCCCN1CCN(c2ccccc2OCCF)CC1
CHEMBL217	CHEMBL4470060	P14416	CN(C)C(=O)NCCCCCN1CCN(c2cccc(Cl)c2Cl)CC1
CHEMBL217	CHEMBL4570073	P14416	COc1ccccc1N1CCN(CCCNC(=O)NN(Cc2ccccc2F)c2ccc(Cl)cc2)CC1
CHEMBL234	CHEMBL4570073	P35462	COc1ccccc1N1CCN(CCCNC(=O)NN(Cc2ccccc2F)c2ccc(Cl)cc2)CC1
CHEMBL219	CHEMBL4570073	P21917	COc1ccccc1N1CCN(CCCNC(=O)NN(Cc2ccccc2F)c2ccc(Cl)cc2)CC1
CHEMBL217	CHEMBL4483554	P14416	COc1ccc2[nH]cc(C3CC(=O)N(CCCCN4CCC(c5c[nH]c6ccccc56)CC4)C3=O)c2c1
CHEMBL214	CHEMBL4483554	P08908	COc1ccc2[nH]cc(C3CC(=O)N(CCCCN4CCC(c5c[nH]c6ccccc56)CC4)C3=O)c2c1
CHEMBL3155	CHEMBL4483554	P34969	COc1ccc2[nH]cc(C3CC(=O)N(CCCCN4CCC(c5c[nH]c6ccccc56)CC4)C3=O)c2c1
CHEMBL228	CHEMBL4483554	P31645	COc1ccc2[nH]cc(C3CC(=O)N(CCCCN4CCC(c5c[nH]c6ccccc56)CC4)C3=O)c2c1
CHEMBL3371	CHEMBL4483554	P50406	COc1ccc2[nH]cc(C3CC(=O)N(CCCCN4CCC(c5c[nH]c6ccccc56)CC4)C3=O)c2c1
CHEMBL224	CHEMBL4483554	P28223	COc1ccc2[nH]cc(C3CC(=O)N(CCCCN4CCC(c5c[nH]c6ccccc56)CC4)C3=O)c2c1
CHEMBL217	CHEMBL4462915	P14416	COc1ccccc1N1CCN(CCCCOc2ccc3sc(N)nc3c2)CC1
CHEMBL234	CHEMBL4462915	P35462	COc1ccccc1N1CCN(CCCCOc2ccc3sc(N)nc3c2)CC1
CHEMBL217	CHEMBL4476699	P14416	CCc1cccc(N2CCN(CCCCNC(=O)c3cc4ccccc4o3)CC2)c1Cl
CHEMBL214	CHEMBL4476699	P08908	CCc1cccc(N2CCN(CCCCNC(=O)c3cc4ccccc4o3)CC2)c1Cl
CHEMBL224	CHEMBL4476699	P28223	CCc1cccc(N2CCN(CCCCNC(=O)c3cc4ccccc4o3)CC2)c1Cl
CHEMBL234	CHEMBL4476699	P35462	CCc1cccc(N2CCN(CCCCNC(=O)c3cc4ccccc4o3)CC2)c1Cl
CHEMBL225	CHEMBL4476699	P28335	CCc1cccc(N2CCN(CCCCNC(=O)c3cc4ccccc4o3)CC2)c1Cl
CHEMBL217	CHEMBL4466245	P14416	CCCN(CCCCCc1cc(O)ccc1O)[C@H]1CCc2nc(N)sc2C1
CHEMBL234	CHEMBL4466245	P35462	CCCN(CCCCCc1cc(O)ccc1O)[C@H]1CCc2nc(N)sc2C1
CHEMBL214	CHEMBL4569899	P08908	COc1ccc(/C=C2\NC(=O)N(CCCN3CCN(c4ncccn4)CC3)C2=O)cc1OC1CCCC1
CHEMBL214	CHEMBL4570209	P08908	COc1ccc(-c2c(=O)n(CCCCN3CCCC(c4c[nH]c5ccc(OC)cc45)C3)c(=O)n3ccccc23)cc1
CHEMBL214	CHEMBL4475730	P08908	COc1ccc2[nH]cc(C3CCCN(CCCCn4c(=O)c(-c5ccc(Cl)cc5)c5n(c4=O)CCCC5)C3)c2c1
CHEMBL3837	CHEMBL4456727	P07711	CC(=O)/C=C/[C@H](CCc1ccccc1)NC(=O)[C@H](Cc1ccccc1)NC(=O)N1CCN(C)CC1
CHEMBL3837	CHEMBL4447613	P07711	N#Cc1nc(N2CCOCC2)nc(N(Cc2ccc(F)cc2F)C2CCCC2)n1
CHEMBL3837	CHEMBL4582558	P07711	COC1=CC(=O)N(C(=O)/C=C/[C@H](Cc2ccccc2)NC(=O)[C@H](CC(C)C)NC(=O)[C@H](CC(C)C)OC(=O)[C@H](Cc2ccccc2)N(C)C)[C@@H]1Cc1ccccc1
CHEMBL206	CHEMBL4452393	P03372	CC1=C(c2cccc(O)c2)[C@@H](c2ccc(OCCN3CC(CF)C3)cc2)Oc2ccc(O)cc21
CHEMBL206	CHEMBL4533684	P03372	COc1cc(N2CCN(CCC3CCN(c4ccc([C@@H]5c6ccc(O)cc6CC[C@@H]5c5ccccc5)cc4F)CC3)CC2)cc2c1C(=O)N(C1CCC(=O)NC1=O)C2
CHEMBL206	CHEMBL4543969	P03372	CC1=C(c2ccccc2)[C@H](c2ccc(OCCN3CC(CF)C3)cc2)Oc2ccccc21
CHEMBL206	CHEMBL4460153	P03372	O=C(O)/C=C/c1ccc(/C(=C(\c2ccccc2)C2CCC2)c2ccc3scnc3c2)cc1
CHEMBL206	CHEMBL4451300	P03372	COc1ccc2c(c1)C(C)=C(c1ccc(F)cc1)[C@H](c1ccc(OCCN3CC(CF)C3)cc1)O2
CHEMBL206	CHEMBL4588281	P03372	CC1=C(c2ccc(N)nc2)[C@H](c2ccc(OCCN3CC(CF)C3)cc2)Oc2ccc(O)cc21
CHEMBL206	CHEMBL4532671	P03372	Cc1ccccc1C(=O)c1sc2cc(O)ccc2c1Oc1ccc(OCCN2CC(CF)C2)cc1
CHEMBL206	CHEMBL4476692	P03372	Oc1ccc2c(c1)CCCC(c1ccc3[nH]ncc3c1)=C2c1ccc(O[C@H]2CCN(CCCF)C2)cc1
CHEMBL206	CHEMBL4563508	P03372	CCN1CC[C@H](Oc2ccc(C3=C(c4ccc(O)cc4)CCc4ccc(O)cc43)cc2)C1
CHEMBL206	CHEMBL4448178	P03372	Cc1ccccc1C(=O)c1sc2cc(O)ccc2c1Oc1ccc(OC2CN(CCCF)C2)cc1
CHEMBL206	CHEMBL4531957	P03372	N#Cc1cc(Cl)ccc1/C(=C(\c1ccc(/C=C/C(=O)O)cc1)c1ccc2nccn2c1)C1CCC1
CHEMBL260	CHEMBL4518955	Q16539	CSc1nc(-c2ccc(F)cc2)c(-c2ccnc(NC(=O)CCc3ccc(C(F)(F)F)cc3)c2)[nH]1
CHEMBL260	CHEMBL4555766	Q16539	CSc1nc(-c2ccc(F)cc2)c(-c2ccnc(NC(=O)Cc3ccc(C(F)(F)F)cc3)c2)[nH]1
CHEMBL260	CHEMBL4458096	Q16539	CSc1nc(-c2ccc(F)cc2)c(-c2ccnc(NC(=O)C3CC(=O)C3)c2)[nH]1
CHEMBL260	CHEMBL4441042	Q16539	CSc1nc(-c2ccc(F)cc2)c(-c2ccnc(NC(=O)C3CCCO3)c2)[nH]1
CHEMBL260	CHEMBL4552734	Q16539	Cc1ccc(C(N)=O)cc1NC(=O)c1ccc(-c2ccccc2Cl)s1
CHEMBL215	CHEMBL4470478	P09917	O=C(Nc1ccc(OCc2nc3ccccc3s2)cc1)Nc1cccc(Cl)c1
CHEMBL2409	CHEMBL4470478	P34913	O=C(Nc1ccc(OCc2nc3ccccc3s2)cc1)Nc1cccc(Cl)c1
CHEMBL287	CHEMBL4435237	Q99720	C[C@@]12COc3c(-c4ccccc4)cccc3[C@@H]1CCN2
CHEMBL4105907	CHEMBL4435237	Q5BJF2	C[C@@]12COc3c(-c4ccccc4)cccc3[C@@H]1CCN2
CHEMBL3155	CHEMBL4435237	P34969	C[C@@]12COc3c(-c4ccccc4)cccc3[C@@H]1CCN2
CHEMBL287	CHEMBL4440055	Q99720	CC1OC2(CCN(CCc3ccccc3)CC2)CN(c2cccnc2)C1=O
CHEMBL4105907	CHEMBL4441861	Q5BJF2	COC1O[C@]2(CC[C@@H](NCC3CCCCC3)CC2)c2ccccc21
CHEMBL3155	CHEMBL4438349	P34969	Cn1cncc1-c1c[nH]c2ccc(Cl)c(F)c12
CHEMBL1163125	CHEMBL4452415	O60885	Cc1noc(C)c1-c1cc(-c2c(C3CC3)n[nH]c2C)c2[nH]c(C3CC3)nc2c1
CHEMBL1163125	CHEMBL4471851	O60885	CCNC(=O)c1cc2c(-c3cc(S(N)(=O)=O)ccc3Oc3c(C)cccc3C)cn(C)c(=O)c2[nH]1
CHEMBL1163125	CHEMBL4443187	O60885	Cc1nnc2n1-c1ccc(Br)cc1C(Nc1ccc(Cl)cc1)CC2
CHEMBL1163125	CHEMBL4465670	O60885	Cc1ccc(S(=O)(=O)Nc2ccc3c4c(cccc24)C(=O)N3C)cc1
CHEMBL1163125	CHEMBL4442982	O60885	COc1nnc2ccc(N3CCC(c4ccc(OCCN5CCN(C)C(=O)[C@@H]5C)cc4)CC3)nn12
CHEMBL1163125	CHEMBL4470856	O60885	CCNC(=O)c1cc2c(-c3cc(S(=O)(=O)CC)ccc3Oc3ccccc3C)cn(C)c(=O)c2[nH]1
CHEMBL3217390	CHEMBL4573352	P21675	COc1cc(C(=O)NC2CCN(C)CC2)ccc1Nc1ccc2c(n1)N1CCCC[C@@H]1C(=O)N2C
CHEMBL3217390	CHEMBL4445482	P21675	C=CCCn1cc(-c2cc(C(=O)N3CCOCC3)c3c(c2)ncn3CC)c2cc[nH]c2c1=O
CHEMBL3217390	CHEMBL4514849	P21675	C=CCCN1C(=O)[C@@H](C)N(C2CCCC2)c2nc(Nc3ccc(C(=O)N4CCC(O)CC4)cc3OC)ccc21
CHEMBL5137	CHEMBL4568356	Q14416	FC(F)(F)c1ccc(-c2ccc(Cn3nnc4ccccc43)cc2)c(Cl)c1
CHEMBL2492	CHEMBL4534580	P36544	Cc1cc(Nc2nc3ncn(-c4c(C)cccc4Cl)c(=O)c3s2)cc(C)c1C
CHEMBL2492	CHEMBL4437189	P36544	FCCOc1cccc(-c2cn(C3CN4CCC3CC4)nn2)c1
CHEMBL2121	CHEMBL4476555	P15328	CN(Cc1cc2c(=O)[nH]c(N)nc2[nH]1)C(=O)c1cc(C(=O)N[C@@H](CCC(=O)O)C(=O)O)cs1
CHEMBL2007625	CHEMBL4469739	O75874	C[C@@H](Nc1nc(N2C(=O)OC[C@@H]2c2ccccc2)c2cn[nH]c2n1)c1cn(-c2ccc(Cl)cc2)cn1
CHEMBL2007625	CHEMBL4556998	O75874	C[C@@H]1C(=O)C(C#N)=C[C@]2(c3ccccc3)c3nc(Nc4cccnc4)ncc3CC[C@@H]12
CHEMBL2146302	CHEMBL4435743	O94925	COc1ccc(Cn2cc(CCC(=O)Nc3nnc(CCCCc4nnc(NC(=O)Cc5ccccc5)s4)s3)nn2)cc1OC
CHEMBL2146302	CHEMBL4590724	O94925	Nc1nnc(CCSCCc2nnc(NC(=O)CC34CC5CC(CC(C5)C3)C4)[se]2)[se]1
CHEMBL2146302	CHEMBL4441341	O94925	CC(C)C(=O)Nc1nnc(N2CCC(Oc3nnc(NC(=O)C4CCC4)s3)CC2)s1
CHEMBL4191	CHEMBL4450649	Q99685	O=C(OC(C(F)(F)F)C(F)(F)F)N1CCN(Cc2ccc(C(F)(F)F)cc2N2CCC3(CCOCC3)C2)CC1
CHEMBL4191	CHEMBL4437385	Q99685	N#Cc1cccc(OC(=O)N2CCC(C(c3ccc(Cl)cc3)c3ccc(Cl)cc3)CC2)c1
CHEMBL4191	CHEMBL4449639	Q99685	CCCc1ccc(C(=O)C2CCN(C(=O)c3cccc(O)c3)CC2)cc1
CHEMBL4191	CHEMBL4463252	Q99685	O=C(c1ccc(Cl)cc1)C1CCN(C(=O)c2ccc(Br)c(O)c2)CC1
CHEMBL4191	CHEMBL4476489	Q99685	N#Cc1cccc(OC(=O)N2CCC(S(=O)(=O)C(c3ccccc3)c3ccccc3)CC2)c1
CHEMBL4722	CHEMBL4516770	O14965	CC1(C)CC(NC(=O)c2ccc(Nc3ncc([N+](=O)[O-])c(Nc4ccc(C(=O)Nc5ccc(Cl)cc5)cc4)n3)cc2)CC(C)(C)N1[O]
CHEMBL2185	CHEMBL4516770	Q96GD4	CC1(C)CC(NC(=O)c2ccc(Nc3ncc([N+](=O)[O-])c(Nc4ccc(C(=O)Nc5ccc(Cl)cc5)cc4)n3)cc2)CC(C)(C)N1[O]
CHEMBL6136	CHEMBL4573261	O60341	Nc1cccc(/C=C/c2ccc(O)c(-c3ncccn3)c2)c1
CHEMBL6136	CHEMBL4530322	O60341	Cc1c(C(=O)N2CCC[C@@H](N)C2)nc(-c2ccc(C#N)c(F)c2)n1-c1ccc(C2CC2)nc1
CHEMBL3227	CHEMBL4550190	P41594	O=C1N[C@H](c2cncc(C#Cc3ccccc3)c2)[C@@H](c2ccc(F)c(F)c2)O1
CHEMBL233	CHEMBL4557264	P35372	CCOc1ccc(CN2CCOCC2)cc1CNC(=O)[C@@H](N)Cc1c(C)cc(O)cc1C.O=C(O)C(F)(F)F
CHEMBL236	CHEMBL4557264	P41143	CCOc1ccc(CN2CCOCC2)cc1CNC(=O)[C@@H](N)Cc1c(C)cc(O)cc1C.O=C(O)C(F)(F)F
CHEMBL233	CHEMBL4588535	P35372	CCC(=O)N(c1ccccc1)C1(C(=O)OC)CCN(CCc2cccc(O)c2)CC1
CHEMBL233	CHEMBL4592669	P35372	CCOc1ccc(CNCc2ccccc2)cc1CNC(=O)[C@@H](N)Cc1c(C)cc(O)cc1C.O=C(O)C(F)(F)F
CHEMBL236	CHEMBL4592669	P41143	CCOc1ccc(CNCc2ccccc2)cc1CNC(=O)[C@@H](N)Cc1c(C)cc(O)cc1C.O=C(O)C(F)(F)F
CHEMBL237	CHEMBL4592669	P41145	CCOc1ccc(CNCc2ccccc2)cc1CNC(=O)[C@@H](N)Cc1c(C)cc(O)cc1C.O=C(O)C(F)(F)F
CHEMBL4878	CHEMBL4436010	Q16678	[N-]=[N+]=NC1CCCC(c2cc(=O)c3ccc4ccccc4c3o2)C1
CHEMBL4878	CHEMBL4541853	Q16678	C=C=C[C@H]1CC[C@@H](c2cc(=O)c3ccc4ccccc4c3o2)CC1
CHEMBL205	CHEMBL4441901	P00918	NS(=O)(=O)c1cc(C(=O)NCCO)c(S(=O)(=O)Cc2ccccc2)cc1Cl
CHEMBL3729	CHEMBL4441901	P22748	NS(=O)(=O)c1cc(C(=O)NCCO)c(S(=O)(=O)Cc2ccccc2)cc1Cl
CHEMBL3969	CHEMBL4441901	Q9Y2D0	NS(=O)(=O)c1cc(C(=O)NCCO)c(S(=O)(=O)Cc2ccccc2)cc1Cl
CHEMBL2326	CHEMBL4441901	P43166	NS(=O)(=O)c1cc(C(=O)NCCO)c(S(=O)(=O)Cc2ccccc2)cc1Cl
CHEMBL3594	CHEMBL4441901	Q16790	NS(=O)(=O)c1cc(C(=O)NCCO)c(S(=O)(=O)Cc2ccccc2)cc1Cl
CHEMBL3242	CHEMBL4441901	O43570	NS(=O)(=O)c1cc(C(=O)NCCO)c(S(=O)(=O)Cc2ccccc2)cc1Cl
CHEMBL3912	CHEMBL4441901	Q8N1Q1	NS(=O)(=O)c1cc(C(=O)NCCO)c(S(=O)(=O)Cc2ccccc2)cc1Cl
CHEMBL4789	CHEMBL4441901	P35218	NS(=O)(=O)c1cc(C(=O)NCCO)c(S(=O)(=O)Cc2ccccc2)cc1Cl
CHEMBL3510	CHEMBL4441901	Q9ULX7	NS(=O)(=O)c1cc(C(=O)NCCO)c(S(=O)(=O)Cc2ccccc2)cc1Cl
CHEMBL205	CHEMBL4533212	P00918	Cc1ccc(/C=C2/SC(Nc3ccc(OS(N)(=O)=O)cc3)=NC2=O)cc1
CHEMBL3594	CHEMBL4533212	Q16790	Cc1ccc(/C=C2/SC(Nc3ccc(OS(N)(=O)=O)cc3)=NC2=O)cc1
CHEMBL205	CHEMBL4437653	P00918	NS(=O)(=O)c1ccc(-n2nnc(-c3nnc(SCC(=O)c4ccc([N+](=O)[O-])cc4)[nH]3)c2-c2ccccc2)cc1
CHEMBL3729	CHEMBL4437653	P22748	NS(=O)(=O)c1ccc(-n2nnc(-c3nnc(SCC(=O)c4ccc([N+](=O)[O-])cc4)[nH]3)c2-c2ccccc2)cc1
CHEMBL3594	CHEMBL4437653	Q16790	NS(=O)(=O)c1ccc(-n2nnc(-c3nnc(SCC(=O)c4ccc([N+](=O)[O-])cc4)[nH]3)c2-c2ccccc2)cc1
CHEMBL205	CHEMBL4435771	P00918	NS(=O)(=O)c1ccc(C/N=C/c2ccc(OCc3cn(CCCOc4ccc5ccc(=O)oc5c4)nn3)cc2)cc1
CHEMBL3594	CHEMBL4435771	Q16790	NS(=O)(=O)c1ccc(C/N=C/c2ccc(OCc3cn(CCCOc4ccc5ccc(=O)oc5c4)nn3)cc2)cc1
CHEMBL205	CHEMBL4450307	P00918	NS(=O)(=O)Oc1ccc(NC2=NC(=O)/C(=C\c3ccc(Cl)cc3)S2)cc1
CHEMBL3594	CHEMBL4450307	Q16790	NS(=O)(=O)Oc1ccc(NC2=NC(=O)/C(=C\c3ccc(Cl)cc3)S2)cc1
CHEMBL205	CHEMBL4544779	P00918	NS(=O)(=O)c1ccc(CNC(=O)/C(Cc2ccccc2)=N/O)cc1
CHEMBL261	CHEMBL4544779	P00915	NS(=O)(=O)c1ccc(CNC(=O)/C(Cc2ccccc2)=N/O)cc1
CHEMBL3242	CHEMBL4544779	O43570	NS(=O)(=O)c1ccc(CNC(=O)/C(Cc2ccccc2)=N/O)cc1
CHEMBL205	CHEMBL4521522	P00918	NS(=O)(=O)c1ccc(NC(=O)/C(Cl)=N/Nc2ccc(Br)cc2)cc1
CHEMBL205	CHEMBL4559832	P00918	NS(=O)(=O)c1ccc(-c2noc(-c3ccncc3)n2)cc1
CHEMBL261	CHEMBL4559832	P00915	NS(=O)(=O)c1ccc(-c2noc(-c3ccncc3)n2)cc1
CHEMBL3594	CHEMBL4559832	Q16790	NS(=O)(=O)c1ccc(-c2noc(-c3ccncc3)n2)cc1
CHEMBL3242	CHEMBL4559832	O43570	NS(=O)(=O)c1ccc(-c2noc(-c3ccncc3)n2)cc1
CHEMBL205	CHEMBL4438713	P00918	Cc1c(-c2n[nH]c(=S)[nH]2)nnn1-c1ccc(S(N)(=O)=O)cc1
CHEMBL261	CHEMBL4438713	P00915	Cc1c(-c2n[nH]c(=S)[nH]2)nnn1-c1ccc(S(N)(=O)=O)cc1
CHEMBL3729	CHEMBL4438713	P22748	Cc1c(-c2n[nH]c(=S)[nH]2)nnn1-c1ccc(S(N)(=O)=O)cc1
CHEMBL205	CHEMBL4574353	P00918	NS(=O)(=O)c1ccc(NC(=O)Nc2nc(Nc3ccccc3)nc(N3CCCCC3)n2)cc1
CHEMBL261	CHEMBL4574353	P00915	NS(=O)(=O)c1ccc(NC(=O)Nc2nc(Nc3ccccc3)nc(N3CCCCC3)n2)cc1
CHEMBL3594	CHEMBL4574353	Q16790	NS(=O)(=O)c1ccc(NC(=O)Nc2nc(Nc3ccccc3)nc(N3CCCCC3)n2)cc1
CHEMBL3242	CHEMBL4574353	O43570	NS(=O)(=O)c1ccc(NC(=O)Nc2nc(Nc3ccccc3)nc(N3CCCCC3)n2)cc1
CHEMBL205	CHEMBL4441496	P00918	CC(=O)N1N=C(c2ccc(OS(N)(=O)=O)cc2)CC1c1ccc(C)cc1
CHEMBL261	CHEMBL4441496	P00915	CC(=O)N1N=C(c2ccc(OS(N)(=O)=O)cc2)CC1c1ccc(C)cc1
CHEMBL3594	CHEMBL4441496	Q16790	CC(=O)N1N=C(c2ccc(OS(N)(=O)=O)cc2)CC1c1ccc(C)cc1
CHEMBL3242	CHEMBL4441496	O43570	CC(=O)N1N=C(c2ccc(OS(N)(=O)=O)cc2)CC1c1ccc(C)cc1
CHEMBL205	CHEMBL4565471	P00918	COC(=O)[C@@H]1CC(=O)N(c2ccc(S(N)(=O)=O)cc2)[C@H]1c1ccc(C)cc1
CHEMBL261	CHEMBL4565471	P00915	COC(=O)[C@@H]1CC(=O)N(c2ccc(S(N)(=O)=O)cc2)[C@H]1c1ccc(C)cc1
CHEMBL3729	CHEMBL4565471	P22748	COC(=O)[C@@H]1CC(=O)N(c2ccc(S(N)(=O)=O)cc2)[C@H]1c1ccc(C)cc1
CHEMBL2326	CHEMBL4565471	P43166	COC(=O)[C@@H]1CC(=O)N(c2ccc(S(N)(=O)=O)cc2)[C@H]1c1ccc(C)cc1
CHEMBL205	CHEMBL4475435	P00918	NS(=O)(=O)c1ccc(N2C(=O)C[C@H](C(=O)NCCCN3CCOCC3)[C@H]2c2ccc(Cl)cc2)cc1
CHEMBL261	CHEMBL4475435	P00915	NS(=O)(=O)c1ccc(N2C(=O)C[C@H](C(=O)NCCCN3CCOCC3)[C@H]2c2ccc(Cl)cc2)cc1
CHEMBL3729	CHEMBL4475435	P22748	NS(=O)(=O)c1ccc(N2C(=O)C[C@H](C(=O)NCCCN3CCOCC3)[C@H]2c2ccc(Cl)cc2)cc1
CHEMBL2326	CHEMBL4475435	P43166	NS(=O)(=O)c1ccc(N2C(=O)C[C@H](C(=O)NCCCN3CCOCC3)[C@H]2c2ccc(Cl)cc2)cc1
CHEMBL205	CHEMBL4469501	P00918	NS(=O)(=O)c1ccc(N2C(=O)C[C@H](C(=O)NCCCC(=O)O)[C@H]2c2ccc(Cl)cc2)cc1
CHEMBL261	CHEMBL4469501	P00915	NS(=O)(=O)c1ccc(N2C(=O)C[C@H](C(=O)NCCCC(=O)O)[C@H]2c2ccc(Cl)cc2)cc1
CHEMBL3729	CHEMBL4469501	P22748	NS(=O)(=O)c1ccc(N2C(=O)C[C@H](C(=O)NCCCC(=O)O)[C@H]2c2ccc(Cl)cc2)cc1
CHEMBL2326	CHEMBL4469501	P43166	NS(=O)(=O)c1ccc(N2C(=O)C[C@H](C(=O)NCCCC(=O)O)[C@H]2c2ccc(Cl)cc2)cc1
CHEMBL205	CHEMBL4525908	P00918	CC(=O)/C(=N\Nc1ccccc1)C(=O)Nc1ccc(S(N)(=O)=O)cc1
CHEMBL205	CHEMBL4462196	P00918	CCOC(=O)CN1C(=O)/C(=N\Nc2ccc(S(N)(=O)=O)cc2)c2ccccc21
CHEMBL261	CHEMBL4462196	P00915	CCOC(=O)CN1C(=O)/C(=N\Nc2ccc(S(N)(=O)=O)cc2)c2ccccc21
CHEMBL3594	CHEMBL4462196	Q16790	CCOC(=O)CN1C(=O)/C(=N\Nc2ccc(S(N)(=O)=O)cc2)c2ccccc21
CHEMBL3242	CHEMBL4462196	O43570	CCOC(=O)CN1C(=O)/C(=N\Nc2ccc(S(N)(=O)=O)cc2)c2ccccc21
CHEMBL205	CHEMBL4467216	P00918	O=C([S-])N1CCNCC1.[Na+]
CHEMBL261	CHEMBL4467216	P00915	O=C([S-])N1CCNCC1.[Na+]
CHEMBL3594	CHEMBL4467216	Q16790	O=C([S-])N1CCNCC1.[Na+]
CHEMBL3242	CHEMBL4467216	O43570	O=C([S-])N1CCNCC1.[Na+]
CHEMBL261	CHEMBL4579158	P00915	CCCCN(CCCC)C(=O)[S-].[Na+]
CHEMBL3594	CHEMBL4579158	Q16790	CCCCN(CCCC)C(=O)[S-].[Na+]
CHEMBL3242	CHEMBL4579158	O43570	CCCCN(CCCC)C(=O)[S-].[Na+]
CHEMBL261	CHEMBL574809	P00915	CC(C)(C)n1c(=O)cc(Cl)[s+]1[O-]
CHEMBL3594	CHEMBL574809	Q16790	CC(C)(C)n1c(=O)cc(Cl)[s+]1[O-]
CHEMBL3242	CHEMBL574809	O43570	CC(C)(C)n1c(=O)cc(Cl)[s+]1[O-]
CHEMBL3969	CHEMBL4454574	Q9Y2D0	Cc1cc(S(N)(=O)=O)c(C)cc1N1CC(C(=O)NN)CC1=O
CHEMBL3594	CHEMBL4536202	Q16790	COC(=O)c1nn(-c2ccc(S(N)(=O)=O)cc2)c2nc3cc(-c4cccs4)cc(-c4ccc([N+](=O)[O-])cc4)c3c(=O)n12
CHEMBL3594	CHEMBL4521441	Q16790	COc1ccc(NC(=O)c2ccc3c(c2)C(=O)N(c2ccc(C(=O)O)cc2)C3=O)c(C(=O)O)c1
CHEMBL3242	CHEMBL4521441	O43570	COc1ccc(NC(=O)c2ccc3c(c2)C(=O)N(c2ccc(C(=O)O)cc2)C3=O)c(C(=O)O)c1
CHEMBL3594	CHEMBL4561594	Q16790	C/C(=N\NC(=O)c1nc(N)n(-c2ccc(S(N)(=O)=O)cc2)n1)c1ccncc1
CHEMBL3242	CHEMBL4561594	O43570	C/C(=N\NC(=O)c1nc(N)n(-c2ccc(S(N)(=O)=O)cc2)n1)c1ccncc1
CHEMBL3594	CHEMBL4529795	Q16790	O=Cc1cc([N+](=O)[O-])ccc1OCc1cn(CCCOc2ccc3ccc(=O)oc3c2)nn1
CHEMBL3594	CHEMBL4475016	Q16790	O=Cc1cccc(OCc2cn(CCCOc3ccc4ccc(=O)oc4c3)nn2)c1
CHEMBL3594	CHEMBL4473283	Q16790	COc1cccc(-c2cc(CN3C(=O)c4ccccc4S3(=O)=O)on2)c1
CHEMBL3242	CHEMBL4473283	O43570	COc1cccc(-c2cc(CN3C(=O)c4ccccc4S3(=O)=O)on2)c1
CHEMBL1944	CHEMBL4445778	P08473	CCOc1nc(CC)c(CNC(=O)[C@@H](CS)CC(C)C)n1Cc1ccc(-c2ccccc2C(=O)O)c(F)c1
CHEMBL227	CHEMBL4445778	P30556	CCOc1nc(CC)c(CNC(=O)[C@@H](CS)CC(C)C)n1Cc1ccc(-c2ccccc2C(=O)O)c(F)c1
CHEMBL1944	CHEMBL4439270	P08473	CC(C)(C[C@@H](Cc1ccc(-c2ccccc2)cc1)NC(=O)CCC(=O)O)C(=O)O
CHEMBL210	CHEMBL4441975	P07550	CC(C)NC[C@H](O)COc1ccccc1CCCCCCCCCCCCc1ccccc1OC[C@@H](O)CNC(C)C
CHEMBL230	CHEMBL4536976	P35354	O=C1CCC(/C=C/c2cccnc2)=NN1
CHEMBL230	CHEMBL4557315	P35354	N#Cc1c(/N=C/c2ccc(O)cc2)c(C(=O)Nc2ccc(Br)cc2)n2c1CCC2
CHEMBL230	CHEMBL4473503	P35354	COC(=O)[C@H](C)NC(=O)[C@@H]1CCCN1C(=O)CNC(=O)[C@H](C)N
CHEMBL230	CHEMBL4443521	P35354	O=C(/C=C/c1cn(-c2ccccc2)nc1-c1ccc(OCc2ccccc2)cc1)c1ccc(Cl)cc1
CHEMBL2695	CHEMBL4469292	Q05397	CNC(=O)c1ccccc1Nc1nc(Nc2ccc(C(=O)N3CCN(C(=S)SCCN(C)C)CC3)cc2)ncc1Cl
CHEMBL2695	CHEMBL4461902	Q05397	COc1cc(C(=O)NC2CCNCC2)ccc1Nc1nc(Nc2ccccc2P(C)(C)=O)c2ccsc2n1
CHEMBL2695	CHEMBL4475488	Q05397	CP(C)(=O)c1ccccc1Nc1nc(Nc2ccc(C(=O)NC3CCNCC3)c(F)c2)nc2[nH]ccc12
CHEMBL2000	CHEMBL4447001	P03952	Cc1nc2nc(C(C)C)[nH]c2cc1-c1ccc(C[C@H](NC(=O)[C@H]2CC[C@H](CN)CC2)C(=O)Nc2ccc(-c3nnc(C(F)(F)C(F)(F)C(=O)O)[nH]3)cc2)cc1
CHEMBL1801	CHEMBL4447001	P00747	Cc1nc2nc(C(C)C)[nH]c2cc1-c1ccc(C[C@H](NC(=O)[C@H]2CC[C@H](CN)CC2)C(=O)Nc2ccc(-c3nnc(C(F)(F)C(F)(F)C(=O)O)[nH]3)cc2)cc1
CHEMBL2000	CHEMBL4571212	P03952	N=C(N)c1ccc(CNC(=O)[C@@H]2Cc3ccc(cc3)NC(=O)CN3CCN(CC3)CC(=O)Nc3ccc(cc3)C[C@@H](NS(=O)(=O)c3ccccc3)C(=O)N2)cc1.O=C(O)C(F)(F)F.O=C(O)C(F)(F)F.O=C(O)C(F)(F)F
CHEMBL1801	CHEMBL4571212	P00747	N=C(N)c1ccc(CNC(=O)[C@@H]2Cc3ccc(cc3)NC(=O)CN3CCN(CC3)CC(=O)Nc3ccc(cc3)C[C@@H](NS(=O)(=O)c3ccccc3)C(=O)N2)cc1.O=C(O)C(F)(F)F.O=C(O)C(F)(F)F.O=C(O)C(F)(F)F
CHEMBL3371	CHEMBL4552950	P50406	COc1ccc(Cc2nc(N3CCNCC3)nc3cccnc23)c(OC)c1
CHEMBL3371	CHEMBL4543169	P50406	O=S(=O)(c1ccc2cccnc2c1)n1cc(C2=CCNCC2)c2ccc(Cl)cc21
CHEMBL3371	CHEMBL4592085	P50406	COc1ccc2c(c1)c(-c1cnc(NC(C)=O)[nH]1)cn2S(=O)(=O)c1ccccc1
CHEMBL224	CHEMBL4449354	P28223	O=C(c1cccn2ccnc12)N1CCN(CCc2ccccc2Cl)CC1
CHEMBL2147	CHEMBL4467003	P11309	c1ccc(OCCN2CCOc3c2cnn2c(-c4ccc5cccc(NCC6CCNCC6)c5n4)nnc32)cc1
CHEMBL2147	CHEMBL4456165	P11309	C[C@H]1NC(=O)c2cc(-c3cccc4c(=O)n(C5(C)CC5)c(NC(C)(C)C)nc34)[nH]c21
CHEMBL4523	CHEMBL4456165	Q9P1W9	C[C@H]1NC(=O)c2cc(-c3cccc4c(=O)n(C5(C)CC5)c(NC(C)(C)C)nc34)[nH]c21
CHEMBL2147	CHEMBL4559238	P11309	C[C@H]1NC(=O)c2cc(-c3cccc4c(=O)n(C)c(CC(C)(C)C)nc34)[nH]c21
CHEMBL4523	CHEMBL4559238	Q9P1W9	C[C@H]1NC(=O)c2cc(-c3cccc4c(=O)n(C)c(CC(C)(C)C)nc34)[nH]c21
CHEMBL216	CHEMBL4569929	P11229	CCC(=O)NCCCCC1CCN(CC(=O)N2c3ccccc3NC(=O)c3ccccc32)CC1.O=C(O)C(F)(F)F
CHEMBL211	CHEMBL4569929	P08172	CCC(=O)NCCCCC1CCN(CC(=O)N2c3ccccc3NC(=O)c3ccccc32)CC1.O=C(O)C(F)(F)F
CHEMBL6009	CHEMBL4565611	O75907	Cc1ccc2[nH]c(-c3ccc(N4CCC(O[C@H]5CC[C@H](CC(=O)O)CC5)CC4)nc3)nc2n1
CHEMBL264	CHEMBL4476066	Q9Y5N1	CCOC(=O)N1CCN(CC(=O)Nc2ccc(OC3CCN(C4CCC4)CC3)cc2)CC1.Cl.Cl
CHEMBL6164	CHEMBL4467730	O95271	CN1CCCc2c1nc(N1CCC3(CC1)C(=O)N(C)c1cc(N4CCCCC4)cc(F)c13)[nH]c2=O
CHEMBL6154	CHEMBL4467730	Q9H2K2	CN1CCCc2c1nc(N1CCC3(CC1)C(=O)N(C)c1cc(N4CCCCC4)cc(F)c13)[nH]c2=O
CHEMBL6164	CHEMBL4577914	O95271	O=C1N(CCO)c2cccc(F)c2C12CCN(c1nc3c(c(=O)[nH]1)CCCC3)CC2
CHEMBL6154	CHEMBL4577914	Q9H2K2	O=C1N(CCO)c2cccc(F)c2C12CCN(c1nc3c(c(=O)[nH]1)CCCC3)CC2
CHEMBL6164	CHEMBL4539435	O95271	C[C@H]1CN(c2cc(F)c3c(c2)N(C)C(=O)C32CCN(c3nc4c(c(=O)[nH]3)CCCN4C)CC2)C[C@@H](C)N1
CHEMBL6154	CHEMBL4539435	Q9H2K2	C[C@H]1CN(c2cc(F)c3c(c2)N(C)C(=O)C32CCN(c3nc4c(c(=O)[nH]3)CCCN4C)CC2)C[C@@H](C)N1
CHEMBL6164	CHEMBL4518341	O95271	CN1CCCc2c1nc(N1CCC3(CC1)CN(CCO)c1cc(F)cc(F)c13)[nH]c2=O
CHEMBL6154	CHEMBL4518341	Q9H2K2	CN1CCCc2c1nc(N1CCC3(CC1)CN(CCO)c1cc(F)cc(F)c13)[nH]c2=O
CHEMBL6164	CHEMBL4516906	O95271	O=C1NC2(CCN(c3nc4c(c(=O)[nH]3)CCCC4)CC2)c2ccccc21
CHEMBL6154	CHEMBL4516906	Q9H2K2	O=C1NC2(CCN(c3nc4c(c(=O)[nH]3)CCCC4)CC2)c2ccccc21
CHEMBL4860	CHEMBL4592905	P10415	O=C(NS(=O)(=O)c1ccc(N[C@H](CCN2CCOCC2)CSc2ccccc2)c([N+](=O)[O-])c1)c1ccc(-c2ccc(F)cc2)cc1
CHEMBL4625	CHEMBL4592905	Q07817	O=C(NS(=O)(=O)c1ccc(N[C@H](CCN2CCOCC2)CSc2ccccc2)c([N+](=O)[O-])c1)c1ccc(-c2ccc(F)cc2)cc1
CHEMBL4677	CHEMBL4592905	Q92843	O=C(NS(=O)(=O)c1ccc(N[C@H](CCN2CCOCC2)CSc2ccccc2)c([N+](=O)[O-])c1)c1ccc(-c2ccc(F)cc2)cc1
CHEMBL251	CHEMBL4529321	P29274	Nc1nc(-c2cccc(O)c2)nc2sc(-c3ccco3)nc12
CHEMBL226	CHEMBL4529321	P30542	Nc1nc(-c2cccc(O)c2)nc2sc(-c3ccco3)nc12
CHEMBL256	CHEMBL4529321	P0DMS8	Nc1nc(-c2cccc(O)c2)nc2sc(-c3ccco3)nc12
CHEMBL251	CHEMBL4564192	P29274	Nc1nc(N/N=C/c2ccc(-c3ccccc3)cc2)nc2c1ncn2[C@@H]1O[C@H](CO)[C@@H](O)[C@H]1O
CHEMBL251	CHEMBL4457393	P29274	COc1c(C)cc(-c2cn3c(=O)n(-c4ccccc4)nc3c(N)n2)cc1C
CHEMBL226	CHEMBL4457393	P30542	COc1c(C)cc(-c2cn3c(=O)n(-c4ccccc4)nc3c(N)n2)cc1C
CHEMBL256	CHEMBL4457393	P0DMS8	COc1c(C)cc(-c2cn3c(=O)n(-c4ccccc4)nc3c(N)n2)cc1C
CHEMBL251	CHEMBL4540206	P29274	CCCn1c(=O)[nH]c2nc(-c3ccc(S(=O)(=O)N4CCN(Cc5ccc(Br)cc5)CC4)cc3)[nH]c2c1=O
CHEMBL255	CHEMBL4540206	P29275	CCCn1c(=O)[nH]c2nc(-c3ccc(S(=O)(=O)N4CCN(Cc5ccc(Br)cc5)CC4)cc3)[nH]c2c1=O
CHEMBL251	CHEMBL4547517	P29274	COc1ccc(-c2cn3c(=O)n(-c4ccccc4)nc3c(N)n2)cc1OC
CHEMBL226	CHEMBL4547517	P30542	COc1ccc(-c2cn3c(=O)n(-c4ccccc4)nc3c(N)n2)cc1OC
CHEMBL256	CHEMBL4547517	P0DMS8	COc1ccc(-c2cn3c(=O)n(-c4ccccc4)nc3c(N)n2)cc1OC
CHEMBL5393	CHEMBL4454217	Q9UNQ0	COC(=O)c1cccc(COc2c(-c3ccc(OCCOCCOCCn4cc(COCCOc5ccc6c(=O)cc(-c7ccccc7)oc6c5)nn4)cc3)oc3ccccc3c2=O)c1
CHEMBL3004	CHEMBL4454217	P33527	COC(=O)c1cccc(COc2c(-c3ccc(OCCOCCOCCn4cc(COCCOc5ccc6c(=O)cc(-c7ccccc7)oc6c5)nn4)cc3)oc3ccccc3c2=O)c1
CHEMBL4302	CHEMBL4454217	P08183	COC(=O)c1cccc(COc2c(-c3ccc(OCCOCCOCCn4cc(COCCOc5ccc6c(=O)cc(-c7ccccc7)oc6c5)nn4)cc3)oc3ccccc3c2=O)c1
CHEMBL4302	CHEMBL4436357	P08183	COc1cc(/C=C/C(=O)OC[C@@H](C)CN(C)CCCOC(=O)c2c3ccccc3cc3ccccc23)cc(OC)c1OC
CHEMBL4302	CHEMBL4589005	P08183	COc1cc(/C=C/C(=O)OC[C@H](C)CN(C)CCCCCOC(=O)c2cc(OC)c(OC)c(OC)c2)cc(OC)c1OC
CHEMBL4302	CHEMBL4517579	P08183	CC(C)(O)[C@H]1CC[C@@](C)([C@H]2CC[C@]3(C)[C@@H]2[C@H](O)C[C@@H]2[C@@]4(C)CC[C@H](N)C(C)(C)[C@@H]4CC[C@]23C)O1
CHEMBL4302	CHEMBL4464239	P08183	COc1cc2c(cc1OC)CN(CCCCCCOc1ccc3c(C)c(C)c(=O)oc3c1)CC2
CHEMBL4302	CHEMBL4553878	P08183	COc1cc2c(cc1OC)CN(C/C=C/COc1ccc3c(C)c(C)c(=O)oc3c1)CC2
CHEMBL4302	CHEMBL4552725	P08183	Cc1cc(C)c(-c2cc(NC(=O)CSCC(=O)NC34CC5CC(CC(C5)C3)C4)n(-c3ccccc3)n2)cc1C
CHEMBL3714029	CHEMBL4446643	Q9Y4K0	COc1ccc2c(c1)c(-c1cccc(S(=O)(=O)N(C)C)c1)c(C)n2C/C(F)=C/CN.Cl
CHEMBL3714029	CHEMBL4457469	Q9Y4K0	Cc1c(-c2cccc(S(=O)(=O)N(C)C)c2)c2ccc(C(=O)O)cc2n1C/C(F)=C/CN.Cl
CHEMBL3714029	CHEMBL4553481	Q9Y4K0	Cl.NCc1cc(=O)c2cccc(O)c2o1
CHEMBL3714029	CHEMBL4533736	Q9Y4K0	NCc1cc2cc(-c3cncc(O)c3)ccc2[nH]1
CHEMBL3714029	CHEMBL4576894	Q9Y4K0	Cc1ccc(-c2cc(S(=O)(=O)c3cnc(CN)s3)ccc2S(C)(=O)=O)cc1.Cl.Cl
CHEMBL3714029	CHEMBL4454209	Q9Y4K0	CS(=O)(=O)c1ccc(S(=O)(=O)c2cnc(CN)s2)c(-c2ccccc2)c1.Cl.Cl
CHEMBL3714029	CHEMBL4514662	Q9Y4K0	NCc1cc(Oc2cccc(C(=O)Nc3ccccc3)c2)n2nccc2n1
CHEMBL3714029	CHEMBL4465977	Q9Y4K0	Cl.NCc1cc(=O)c2cc(C(=O)NCCO)ccc2o1
CHEMBL3714029	CHEMBL4540610	Q9Y4K0	Cl.NCc1ncc(S(=O)(=O)c2cccc(-c3ccccc3)c2)s1
CHEMBL1914	CHEMBL4437800	P06276	CN1c2ccc(OC(=O)NCCCN3CCOCC3)cc2CN2CCc3ccccc3C21
CHEMBL1914	CHEMBL4538398	P06276	COc1ccc2nc3c(c(NCCNC(=O)[C@@H](N)Cc4c[nH]c5ccccc45)c2c1)CCCC3.Cl.Cl
CHEMBL1914	CHEMBL4559477	P06276	Cl.Cl.N[C@@H](Cc1c[nH]c2ccccc12)C(=O)NCCCCCCCNc1c2c(nc3ccccc13)CCCC2
CHEMBL220	CHEMBL4559477	P22303	Cl.Cl.N[C@@H](Cc1c[nH]c2ccccc12)C(=O)NCCCCCCCNc1c2c(nc3ccccc13)CCCC2
CHEMBL234	CHEMBL4472900	P35462	CCCN(CCCCNC(=O)c1cc2ccccc2[nH]1)CC1CC1c1ccc(Cl)cc1.Cl
CHEMBL234	CHEMBL4459784	P35462	COc1cc(F)ccc1N1CCC2(CCN(CCCSc3nnc(-c4ccccc4)n3C)CC2)CC1
CHEMBL234	CHEMBL4437341	P35462	N#Cc1cccc(N2CCN(CCCCNC(=O)c3ccc(-c4ccsc4)cc3)CC2)c1
CHEMBL1628481	CHEMBL4578949	P35414	CCC[C@@H](NC(=O)c1ccc(-c2cc(OC)ccc2-c2nc3ccccc3[nH]2)c(C(=O)O)c1)c1ccccc1
CHEMBL4015	CHEMBL4459033	P41597	CC(=O)C1=C(O)C(=O)N(c2ccc(C)cc2)C1C1CCCCCC1
CHEMBL2413	CHEMBL4459033	P32246	CC(=O)C1=C(O)C(=O)N(c2ccc(C)cc2)C1C1CCCCCC1
CHEMBL2104	CHEMBL4471140	Q99571	NS(=O)(=O)c1cc(NC(=O)Cc2ccccc2Cl)ccc1OCc1ccccc1
CHEMBL3267	CHEMBL4554377	P48736	C#Cc1cnc(N)nc1N1CC[C@H]1c1nn2ccc(Cl)c2c(=O)n1-c1ccccc1
CHEMBL3130	CHEMBL4541013	O00329	Cc1nnc2n1[C@@H]1CCN(Cc3cc4nc(-c5cccc6[nH]ccc56)nc(N5CCOCC5)c4s3)C[C@@H]1CC2
CHEMBL3130	CHEMBL4571886	O00329	CC[C@H](Nc1ncnc2[nH]cnc12)c1nc(CCCCC(=O)NO)c2ccccc2n1
CHEMBL3130	CHEMBL4592637	O00329	COc1ncc(-c2cc(NC(=O)c3csc(C)n3)c3cn[nH]c3c2)cc1NS(C)(=O)=O
CHEMBL3130	CHEMBL4438376	O00329	COc1c([C@H](C)Nc2ncnc(N)c2C#N)cc(Cl)c(C)c1-c1cncc(S(C)(=O)=O)c1
CHEMBL3130	CHEMBL4483321	O00329	CCC(=O)N1CCC[C@H](Nc2ncnc3c2nc(-c2cnn(CC)c2C)n3C)C1
CHEMBL3784	CHEMBL4555191	Q09472	CN1C(=O)[C@@]2(Cc3ccc(C[C@]45SS[C@](CO)(C(=O)N4C)N(C)C5=O)cc3)SS[C@]1(CO)C(=O)N2C
CHEMBL1844	CHEMBL4451431	P07333	COc1cc(-n2c3c(c4ncnc(N)c42)CCC3)ccc1NC(=O)Cc1ccc(Cl)c(C(F)(F)F)c1
CHEMBL1844	CHEMBL4542151	P07333	Nc1ncnc2c3c(n(-c4ccc(CC(=O)NC5CCCCC5)cc4)c12)CCC3
CHEMBL1844	CHEMBL4592632	P07333	CNC(=O)c1cccc(NC(=O)Cc2ccc(-n3c4c(c5ncnc(N)c53)CCC4)cc2OC)c1
CHEMBL1844	CHEMBL4557765	P07333	Cc1ccc(F)c(CC(=O)Nc2ccc(-n3c4c(c5ncnc(N)c53)COC4)cc2)c1
CHEMBL1844	CHEMBL4455662	P07333	CCc1ccc(COc2ccc(C3CN(C(=O)c4cc(COC[C@@H](O)CO)ccn4)C3)cc2OC)cc1
CHEMBL1844	CHEMBL4520105	P07333	Cc1cccc(Cn2nc(Cl)c3c(NC(=O)c4csc5c(N)ncnc45)cccc32)n1
CHEMBL1844	CHEMBL4464818	P07333	COc1cc(-n2c3c(c4ncnc(N)c42)CCC3)ccc1NC(=O)Cc1ccc(C(C)(C)C)cc1
CHEMBL1844	CHEMBL4543360	P07333	COc1ccc(CC(=O)Nc2ccc(-n3c4c(c5ncnc(N)c53)CCC4)cc2OC)cn1
CHEMBL1844	CHEMBL4543929	P07333	COc1ccc(COc2ccc(C3CN(C(=O)c4cc(OCCO)ccn4)C3)cc2OC)cc1
CHEMBL1844	CHEMBL4476834	P07333	Nc1ncnc2c3c(n(-c4ccc(CC(=O)Nc5ccc(C(F)(F)F)cn5)cc4)c12)CCC3
CHEMBL1844	CHEMBL4467199	P07333	COc1cc(C2CN(C(=O)c3cc(OC[C@@H](O)CO)ccn3)C2)ccc1OCc1ccc(C2CC2)cc1
CHEMBL5023	CHEMBL4449512	Q00987	O=C1CCC(N2Cc3c(CCCCCNC(=O)[C@@H]4NC5(CCCCC5)[C@@]5(C(=O)Nc6cc(Cl)ccc65)[C@H]4c4cccc(Cl)c4F)cccc3C2=O)C(=O)N1
CHEMBL3763008	CHEMBL4449512	Q96SW2	O=C1CCC(N2Cc3c(CCCCCNC(=O)[C@@H]4NC5(CCCCC5)[C@@]5(C(=O)Nc6cc(Cl)ccc65)[C@H]4c4cccc(Cl)c4F)cccc3C2=O)C(=O)N1
CHEMBL5023	CHEMBL4532127	Q00987	CC1(C)[C@H]2CC[C@@]1(C)C(NC(=O)C(c1c(C(=O)O)[nH]c3cc(Cl)ccc13)N(C=O)Cc1ccc(OCc3ccccc3Br)cc1)C2
CHEMBL5023	CHEMBL4453505	Q00987	CC(C)(C)NC(=O)C(c1c(C(=O)O)[nH]c2cc(Cl)ccc12)N(C=O)Cc1ccc(OCc2ccccc2I)cc1
CHEMBL5080	CHEMBL4471545	Q9Y5X9	CS(=O)(=O)C(c1nnc(CNS(N)(=O)=O)o1)c1nc2ccc(-c3ccccc3)cc2s1
CHEMBL2127	CHEMBL4471545	P11150	CS(=O)(=O)C(c1nnc(CNS(N)(=O)=O)o1)c1nc2ccc(-c3ccccc3)cc2s1
CHEMBL2127	CHEMBL4577903	P11150	CN(C)C(=O)c1ccc(-c2ccc3nc(C(c4nnc(CNS(N)(=O)=O)o4)S(=O)(=O)Cc4ccccc4)sc3c2)cc1Cl
CHEMBL2581	CHEMBL4470195	P07339	COc1cccc(C(C)(C)NC[C@@H](O)[C@H](Cc2ccccc2)NC(=O)c2cc(C(=O)NCc3ccccc3)cc(N3CCCCC3)c2)c1
CHEMBL1881	CHEMBL4442505	P43116	CC(C)(C)c1ccc(CN(Cc2cccc(NCC(=O)O)n2)S(=O)(=O)c2ccccn2)cc1.Cl
CHEMBL253	CHEMBL4442017	P34972	CCCCCn1cc(C(=O)N[C@H](C(=O)OC)C(C)C)c2cccnc21
CHEMBL253	CHEMBL4557732	P34972	COC(=O)c1cc(-c2ccccc2)sc1NC(=O)C12CC3CC(CC(C3)C1)C2
CHEMBL253	CHEMBL4448509	P34972	Cc1c(CCN2CCOCC2)c2cc(F)ccc2n1C(=O)c1cccc(Cl)c1Cl
CHEMBL1795116	CHEMBL4543007	O14744	Nc1ncnc2c1ccn2[C@@H]1C[C@H](CCc2ccc3ccc(NCC4CC4)nc3c2)[C@@H](O)[C@H]1O
CHEMBL2034	CHEMBL4452917	P04150	CC#C[C@]1(O)CC[C@H]2[C@@H]3CCC4=CC(=O)CC[C@]4(C)[C@H]3[C@@H](c3ccc(N(C)C(C)C)cc3)C[C@@]21C
CHEMBL2034	CHEMBL4463240	P04150	CC(C)Cc1cc2c(cc1F)OC[C@H](CS(N)(=O)=O)N2C(=O)c1ccc2c(c1)NC(=O)CO2
CHEMBL1994	CHEMBL4463240	P08235	CC(C)Cc1cc2c(cc1F)OC[C@H](CS(N)(=O)=O)N2C(=O)c1ccc2c(c1)NC(=O)CO2
CHEMBL4662	CHEMBL4434736	P28074	COC[C@@H]1NC(=O)c2nccn2CCCCCCCOC[C@@H](C(=O)N[C@@H](Cc2ccccc2)C(=O)[C@@]2(C)CO2)NC1=O
CHEMBL4662	CHEMBL4468592	P28074	CC[C@H](NC(=O)[C@H](Cc1ccccc1)NC(=O)[C@H](CC(C)C)NC(=O)[C@H](CCc1ccccc1)NC(=O)CN1CCOCC1)C(=O)[C@@]1(C)CO1
CHEMBL220	CHEMBL4441237	P22303	CN(C)c1ccc(/C=N/c2ccc3oc(=O)ccc3c2)cc1
CHEMBL218	CHEMBL4513477	P21554	COc1cccc(-c2ccc(NC(=O)Nc3ccc(Cl)cc3)s2)c1
CHEMBL218	CHEMBL4472463	P21554	O=[N+]([O-])CC(c1ccccc1)c1c(-c2cccc(F)c2)[nH]c2ccccc12
CHEMBL2439	CHEMBL4465879	P05164	Nc1cc(OCc2ncc(-c3ccccc3)o2)c2nn[nH]c2n1
CHEMBL2439	CHEMBL4530093	P05164	Nc1cc(OCc2ccccc2)c2nn[nH]c2n1
CHEMBL5697	CHEMBL4557378	Q9GZT9	O=C1N(c2ccc(-c3ccccc3)cc2)C(=O)C2(CCN(Cc3ncc[nH]3)CC2)N1c1ncccn1
CHEMBL1075104	CHEMBL4444153	Q5S007	CC(C)n1cc(-c2n[nH]c3ccnc(OC4CCCCC4)c23)cn1
CHEMBL5413	CHEMBL4459547	Q969F8	CNC(=N)NCCC[C@H](NC(=O)[C@H](CC(C)C)NC(=O)NNC(=O)[C@H](Cc1ccccc1)NC(=O)[C@H](CO)NC(=O)[C@H](CC(N)=O)NC(=O)CCc1c[nH]c2ccccc12)C(=O)N[C@@H](Cc1ccccc1)C(N)=O
CHEMBL1075145	CHEMBL4439188	P55072	Cc1cc2c(C(N)=O)cccc2n1-c1nc2c(c(NCc3ccccc3)n1)CCCCCC2
CHEMBL3764	CHEMBL4462940	Q9UKP6	CC(C)[C@H](NC(=O)[C@@H]1CSSC[C@H](NC(=O)[C@H](C)N)C(=O)N[C@@H](Cc2ccccc2)C(=O)N[C@@H](Cc2c[nH]c3ccccc23)C(=O)N[C@@H](CCCCN)C(=O)N[C@@H](Cc2ccc(O)cc2)C(=O)N1C)C(=O)O
CHEMBL2148	CHEMBL4539805	P52333	CC(C)Nc1c(C(N)=O)cnn2cc(-c3ccccc3)cc12
CHEMBL2148	CHEMBL4567992	P52333	CCS(=O)(=O)Nc1cc(-c2ccc(O)cc2C)cc2[nH]ncc12
CHEMBL2331053	CHEMBL4437856	Q16875	CN1CC(NC(=O)c2ccncc2Nc2cc(-c3ccc4ccn(C)c4c3)c3nccnc3c2)C1
CHEMBL256	CHEMBL4591186	P0DMS8	COc1ccc(CCNc2nc(C#Cc3ccccc3)nc3c2ncn3[C@H]2[C@H](O)[C@H](O)[C@@H]3C[C@@H]32)cc1O
CHEMBL5620	CHEMBL4437031	P28062	Cc1c(-c2nsc(=O)o2)c(=O)oc2cc3occ(-c4cccs4)c3cc12
CHEMBL5742	CHEMBL4445371	P30536	CCN(Cc1cccc(F)c1)C(=O)Cn1c2ccccc2c2ccccc21
CHEMBL5122	CHEMBL4459160	Q16832	Cc1ccc(C(=O)Nc2cccc(C(F)(F)F)c2)cc1-c1ccc2c(-c3cnn(C4CCOC4)c3)n[nH]c2c1
CHEMBL3650	CHEMBL4459160	P11362	Cc1ccc(C(=O)Nc2cccc(C(F)(F)F)c2)cc1-c1ccc2c(-c3cnn(C4CCOC4)c3)n[nH]c2c1
CHEMBL5122	CHEMBL4448547	Q16832	Cc1ccc(C(=O)Nc2cccc(C(F)(F)F)c2)cc1-c1ccc2cn[nH]c2c1
CHEMBL4439	CHEMBL4446613	P36897	Fc1ccc(-c2cc(Nc3ccncc3)c3cc[nH]c3n2)c(F)c1
CHEMBL4685	CHEMBL4562566	P14902	Cn1ccc2ccc(N3CCC(C4c5c(F)cccc5-c5cncn54)CC3)cc21
CHEMBL2140	CHEMBL4562566	P48775	Cn1ccc2ccc(N3CCC(C4c5c(F)cccc5-c5cncn54)CC3)cc21
CHEMBL4685	CHEMBL4458487	P14902	O=C1C(N[C@H](Cc2ccccc2)C(=O)Nc2cccc(Cl)c2)=C/C(=N/O)c2ccccc21
CHEMBL4685	CHEMBL4521557	P14902	NS(=O)(=O)NCCSc1nonc1/C(=N/O)N[C@H]1Cc2ccc(F)cc21
CHEMBL4685	CHEMBL4556807	P14902	CCN(c1ccc(-c2c(C)oc(C)c2C(=O)O)cc1NC(=O)Nc1cccc(C)c1)C1CCCCC1
CHEMBL4685	CHEMBL4549170	P14902	OC(Cc1ccccc1)c1cc(Br)cc2[nH]ncc12
CHEMBL4685	CHEMBL4514159	P14902	CC(C)OP(C)(=O)NCCNc1nonc1/C(=N/O)Nc1ccc(F)c(Br)c1
CHEMBL4685	CHEMBL4537680	P14902	Cc1oc(C)c(-c2ccc(N(CC(C)C)CC(C)C)c(NC(=O)Nc3ccc(F)cc3F)c2)c1C(=O)O
CHEMBL4685	CHEMBL4588716	P14902	Cc1ccc(CS(=O)(=O)NCc2cnc3scc(-c4ccc(Br)cc4)n23)cc1
CHEMBL4685	CHEMBL4448442	P14902	NS(=O)(=O)CC(=O)NCCSc1nonc1/C(=N/O)Nc1ccc(F)c(Br)c1
CHEMBL4685	CHEMBL4578040	P14902	Cc1oc(C)c(-c2ccc(N(CC(C)C)CC(C)C)c(NC(=O)Nc3ccc(F)cc3)c2)c1C(=O)O
CHEMBL4681	CHEMBL4457540	P42330	CC(C)=CCc1ccc(/C=C/C(=O)O)cc1OC(=O)CCc1ccccc1
CHEMBL4409	CHEMBL4472614	Q9Y233	COc1cc(OC)c2nnc3c(c(-c4sc(C)nc4C)nn3C)c2c1
CHEMBL4409	CHEMBL4518342	Q9Y233	CC(C)CC(=O)N1CCc2nc(-c3ccc(Br)cc3)nc(N(C)Cc3ccccc3)c2C1
CHEMBL4409	CHEMBL4549223	Q9Y233	Cc1cnc2c(c1)nc(CCN1C(=O)c3cccc4cccc(c34)C1=O)n2-c1ccncc1
CHEMBL4409	CHEMBL4468202	Q9Y233	Cc1cc(C)n2nc(CC(=O)N3CCn4c3nc3ccccc34)nc2c1
CHEMBL1978	CHEMBL4568674	P11511	N#Cc1cccc(CN(c2ccc([N+](=O)[O-])c(Br)c2)n2cnnc2)c1
CHEMBL1978	CHEMBL4537791	P11511	O=S(=O)(Cc1ccccc1)Nc1ccc2[nH]ccc2c1
CHEMBL1978	CHEMBL4468397	P11511	Clc1ccc(/C(=C\c2ccccc2)Cn2ccnn2)cc1
CHEMBL279	CHEMBL4459732	P35968	Fc1ccccc1-c1cn(Cc2ccc(-c3cncnc3)cc2)nn1
CHEMBL4128	CHEMBL4459732	Q02763	Fc1ccccc1-c1cn(Cc2ccc(-c3cncnc3)cc2)nn1
CHEMBL5147	CHEMBL4459732	P54760	Fc1ccccc1-c1cn(Cc2ccc(-c3cncnc3)cc2)nn1
CHEMBL3880	CHEMBL4555835	P07900	CC(C)c1nn(-c2ccc(C(N)=O)c(N[C@H]3CC[C@H](O)CC3)c2)c2nccc(-n3cnc(-c4cccnc4)c3)c12
CHEMBL3880	CHEMBL4447639	P07900	CC1=C2C[C@]3(C)C(=O)C[C@@H](C(C)(C)O)[C@H]3C/C=C(/C)[C@@H]2CC1=O
CHEMBL2971	CHEMBL4581423	O60674	CC(=O)c1ccc(NC(=O)N2CCN(c3ccnc(Nc4ccc(N5CCOCC5)cc4)n3)CC2)cc1
CHEMBL4805	CHEMBL4561852	Q99572	CN(C)c1ccc(C(=O)N2CCN(c3cc(=O)[nH]c(=O)n3Cc3ccc(OS(=O)(=O)c4cccc5cnccc45)cc3)CC2)cc1
CHEMBL2998	CHEMBL4561852	P56373	CN(C)c1ccc(C(=O)N2CCN(c3cc(=O)[nH]c(=O)n3Cc3ccc(OS(=O)(=O)c4cccc5cnccc45)cc3)CC2)cc1
CHEMBL4805	CHEMBL4549063	Q99572	CCN(CC)C(=O)c1cccc(S(=O)(=O)Oc2ccc(-c3cncn3C3CCN(C(=O)c4ccc(Cl)c(C(F)(F)F)c4)CC3)cc2)c1
CHEMBL4805	CHEMBL4521847	Q99572	CS(=O)(=O)c1ccc(C(=O)N2CCC(n3cncc3-c3ccc(OS(=O)(=O)c4cccc5cnccc45)cc3)CC2)cc1
CHEMBL4805	CHEMBL4542014	Q99572	O=C(c1ccc([N+](=O)[O-])cc1)N1CCC(c2nc3cc(OS(=O)(=O)c4cccc5cnccc45)ccc3[nH]2)CC1
CHEMBL4805	CHEMBL4575046	Q99572	O=C(c1ccc(Cl)c(C(F)(F)F)c1)N1CCC(n2cncc2-c2ccc(OS(=O)(=O)c3cccc(Br)c3)cc2)CC1
CHEMBL3717	CHEMBL4522638	P08581	c1ccc(-c2cnc3ncn(Cc4ccc5ncccc5c4)c3n2)cc1
CHEMBL3717	CHEMBL4539488	P08581	FC(F)(F)c1ccc(-c2cnc3ncn(Cc4ccc5ncccc5c4)c3n2)cc1
CHEMBL3717	CHEMBL4455924	P08581	Cc1cccc(-n2c(=O)c(C(=O)Nc3ccc(Oc4ccnc(N)c4Cl)c(F)c3)cc3ccccc32)c1
CHEMBL4072	CHEMBL4565998	P07858	CC1=CC(C)=[N+]2C1=C(CCCc1cn(CCCCCC(=O)N[C@@H](CC(C)C)C(=O)N[C@H](C(=O)N[C@@H](CO)C(=O)N[C@@H](CCCNC(=N)N)C(=O)COC(=O)c3c(C)cccc3C)C(C)C)nn1)c1c(C)cc(C)n1[B-]2(F)F
CHEMBL3632452	CHEMBL4565998	Q9UDY8	CC1=CC(C)=[N+]2C1=C(CCCc1cn(CCCCCC(=O)N[C@@H](CC(C)C)C(=O)N[C@H](C(=O)N[C@@H](CO)C(=O)N[C@@H](CCCNC(=N)N)C(=O)COC(=O)c3c(C)cccc3C)C(C)C)nn1)c1c(C)cc(C)n1[B-]2(F)F
CHEMBL5480	CHEMBL4453871	P14222	COc1ncc(-c2ccc(-c3cnc4c(c3)CN(C)C4=O)s2)cc1NS(=O)(=O)c1ccccc1C(F)(F)F
CHEMBL4361	CHEMBL4522028	Q07820	Cc1nn(C)c(COc2ccc(N3CCN(S(=O)(=O)N(C)C)CC3)cc2)c1-c1cccc2c(CCCOc3cccc4ccccc34)c(C(=O)O)n(CCN3CCN(C(=O)COc4cccc5c4C(=O)N(C4CCC(=O)NC4=O)C5=O)CC3)c12
CHEMBL4361	CHEMBL4443008	Q07820	CCc1sc2ncnc(O[C@H](Cc3ccccc3)C(=O)O)c2c1-c1cccc(Br)c1C
CHEMBL5463	CHEMBL4461146	Q13510	CN1CCC(c2cc3oc(=O)n(C(=O)NCCCCc4ccccc4)c3cc2F)CC1
CHEMBL2409	CHEMBL4467433	P34913	Cc1cc(NC(=O)Nc2ccccc2)ccc1OCc1nc2ccccc2s1
CHEMBL3778	CHEMBL4438027	Q9NWZ3	CNC(=O)CN1CCN(c2cc3c(cc2NC(=O)c2cnn4cccnc24)CC(C)(C)O3)CC1
CHEMBL3708265	CHEMBL4574443	P36639	CNc1cc(Oc2cccc(C)c2C)nc(N)n1
CHEMBL255	CHEMBL4474572	P29275	Cc1csc2c1c(=O)n(CCc1ccccc1)c(=O)n2CCC(F)(F)F
CHEMBL255	CHEMBL4547661	P29275	CCCn1c(=O)c2[nH]c(-c3ccc(S(=O)(=O)N4CCN(c5ccc(Cl)cc5)CC4)cc3)nc2n(CC)c1=O
CHEMBL255	CHEMBL4552910	P29275	CC1=C(C(=O)OCC(F)(F)F)C(c2ccoc2)n2c(nc3ccccc32)N1
CHEMBL255	CHEMBL4464175	P29275	CCCn1c(=O)[nH]c2nc(-c3ccc(S(=O)(=O)N4CCN(Cc5ccc(F)c(OC)c5)CC4)cc3)[nH]c2c1=O
CHEMBL2835	CHEMBL4447497	P23458	N#CC[C@H]1CC[C@H](n2c(CC(=O)NC34CCC(C(N)=O)(CC3)CC4)nc3cnc4[nH]ccc4c32)CC1
CHEMBL2835	CHEMBL4526032	P23458	Cn1cc(Nc2nccc(N3C[C@H]4CC[C@H](C3)N4C(=O)NCC(F)(F)F)n2)cn1
CHEMBL3553	CHEMBL4526032	P29597	Cn1cc(Nc2nccc(N3C[C@H]4CC[C@H](C3)N4C(=O)NCC(F)(F)F)n2)cn1
CHEMBL335	CHEMBL4447414	P18031	CCCCCCCCCCc1ccc(NC(=O)C(=O)N2C[C@@H](Oc3ccc(/C=C/S(=O)(=O)OCC)cc3)[C@H](Oc3ccc(CCS(=O)(=O)OCC)cc3)C2)cc1
CHEMBL2311243	CHEMBL4571043	O43175	CC(=O)OCCOC(=O)CS(=O)(=O)c1ccc([C@@H](C)NC(=O)c2cc3c(Cl)cc(C)cc3n2C)cc1
CHEMBL2311243	CHEMBL4446511	O43175	C[C@@H](NC(=O)c1cc2cc(Cl)ccc2n1C)c1ccc(C(=O)O)cc1
CHEMBL2311243	CHEMBL4536556	O43175	Cc1cc2c(cc(C(=O)N[C@H](CO)c3ccc([S@@+]([O-])CC(=O)O)cc3)n2C)c(F)c1F
CHEMBL2311243	CHEMBL4522467	O43175	Cc1cc2c(cc(C(=O)N[C@H](C)c3ccc(C(=O)O)cc3)n2C)c2ccccc12
CHEMBL5658	CHEMBL4462667	O14684	Cc1c(CCC(=O)O)cccc1NC(=O)C(c1ccc(-c2cncc(Cl)c2)cc1)C1CCCC1
CHEMBL5658	CHEMBL4526939	O14684	Cc1c(CCC(=O)O)cccc1NC(=O)C(c1ccc(-c2cncc(Cl)c2)cc1)C1CCC1
CHEMBL5251	CHEMBL4476232	Q06187	C=CC(=O)Nc1cccc(Nc2nc(Nc3ccc(OCCSC(=S)N(C)C)cc3)ncc2F)c1
CHEMBL5251	CHEMBL4459604	Q06187	C=CC(=O)Nc1cccc(Nc2nc(Nc3ccc(NC(=O)CSC(=S)NCc4cccnc4)cc3)ncc2F)c1
CHEMBL4247	CHEMBL4535072	Q9UM73	Cc1cc(-n2cc(S(C)(=O)=O)c3ccc(N[C@@H](C)c4ccc(F)cn4)nc32)n[nH]1
CHEMBL4550	CHEMBL4447921	P20292	Cc1cc(-c2ccc(C(=O)[C@@H]3CCCC[C@H]3C(=O)Nc3cnn(CC(N)=O)c3)cc2)[nH]n1
CHEMBL4550	CHEMBL4526540	P20292	Cc1nn(C)cc1NC(=O)[C@@H]1CCCC[C@H]1C(=O)c1ccc(-c2ccc[nH]2)cc1
CHEMBL4550	CHEMBL4528662	P20292	COc1cc(NC(=O)[C@@H]2CCCC[C@H]2C(=O)c2ccc(-c3cc[nH]n3)cc2)ncn1
CHEMBL5500	CHEMBL4453637	Q92831	CN1C[C@H](Nc2nc3cc[nH]c3c(=O)n2C)C[C@H](c2cccc(-c3ccccc3)c2)C1
CHEMBL5464	CHEMBL4467752	Q13546	CC(C)(C)C(=O)N1N=CCC1C1CCCC1
CHEMBL5464	CHEMBL4455611	Q13546	COc1ccc2c(c1)CC[C@H](NC(=O)c1nc3n(n1)[C@H](c1ccccc1)CC3)C(=O)N2C
CHEMBL5024	CHEMBL4533440	Q13535	CCNCc1ccc(-c2cc(-c3nc(-c4ccc(S(=O)(=O)C(C)C)cc4)cnc3N)on2)cc1
CHEMBL1974	CHEMBL4444839	P36888	Cc1ccc(S(=O)(=O)NCCNCCCc2ccc(-c3cnc4[nH]ccc4c3)cc2)cc1
CHEMBL4422	CHEMBL4513748	O14842	COc1ccc(F)c([C@H]2CC[C@H](COc3cccc([C@H](C4CC4)[C@@H](C)C(=O)O)c3)CC2)c1
CHEMBL4422	CHEMBL4520404	O14842	CC#C[C@@H](CC(=O)O)c1ccc(OC[C@H]2COc3ccc(-c4ccc(Cl)cc4)cc3O2)cc1
CHEMBL4422	CHEMBL4574808	O14842	COCCOc1cc(C)c(-c2cccc(CNc3ccc(OCC(=O)O)c(F)c3)c2)c(C)c1
CHEMBL4422	CHEMBL4434996	O14842	CC#C[C@@H](CC(=O)O)c1ccc(OC[C@H]2COc3ccc(-c4ccc(OC)cc4)cc3O2)cc1
CHEMBL4422	CHEMBL4464769	O14842	COc1ccc(F)c([C@H]2CC[C@H](COc3cccc([C@H](C4CC4)[C@](C)(F)C(=O)O)c3)CC2)c1
CHEMBL2820	CHEMBL4470992	P03951	COC(=O)Nc1ccc2c(c1)NC(=O)[C@H](C)CCC[C@H](NC(=O)c1nnn(-c3cccc(Cl)c3F)c1C)c1cc-2ccn1.Cl
CHEMBL2820	CHEMBL4551053	P03951	COC(=O)Nc1ccc2c(c1)NC(=O)CC/C=C/C[C@H](N1CC[C@H](c3c(F)ccc(Cl)c3F)OC1=O)c1nc-2c[nH]1
CHEMBL2820	CHEMBL4550408	P03951	COC(=O)Nc1ccc2c(c1)NC(=O)CC/C=C/C[C@H](N1CC[C@H](c3cc(Cl)ccc3C(F)(F)F)OC1=O)c1nc-2c(Cl)[nH]1
CHEMBL2189121	CHEMBL4473733	P01116	C=CC(=O)N1CCN(c2nc(OC[C@H]3CCCN3C)nc3c2C[C@@H](C)[C@H](c2c(C)ccc4[nH]ncc24)C3)CC1
CHEMBL3650	CHEMBL4569919	P11362	COc1cc(OC)c(Cl)c(-c2ccc3c(NC(=O)c4ccc(N5CCCCC5)cc4)n[nH]c3n2)c1Cl
CHEMBL3650	CHEMBL4557949	P11362	COc1cc(OC)c(Cl)c(-c2ccc3c(NC(=O)c4ccc(N5CCN(C6CCC6)CC5)cc4)n[nH]c3n2)c1Cl
CHEMBL3650	CHEMBL4441696	P11362	C=CC(=O)N1CCC(n2cc(-c3cc4cc(C)cc(OC)c4s3)c3c(N)ncnc32)CC1
CHEMBL2014	CHEMBL4541337	P41146	CC(C)[C@H]1CC[C@@H](N2CCC(n3cc(CN4CCCC4)c4ccccc43)CC2)CC1
CHEMBL2842	CHEMBL4437811	P42345	CCN1CCN(C(=O)Nc2ccc(-c3nc(N4CCOCC4)c4cnn(CCCCCCC(=O)NO)c4n3)cc2)CC1
CHEMBL1867	CHEMBL4438801	P08913	CCOP(=O)(OCC)C1(c2ccccc2)N=CC2C(=O)N(c3cccc([N+](=O)[O-])c3)C(=O)C21
CHEMBL1867	CHEMBL4535472	P08913	CCOP(=O)(OCC)C1(c2ccccc2)N=CC2C(=O)N(C3CCCCC3)C(=O)C21
CHEMBL3923	CHEMBL4535472	Q9Y2I1	CCOP(=O)(OCC)C1(c2ccccc2)N=CC2C(=O)N(C3CCCCC3)C(=O)C21
CHEMBL3632452	CHEMBL4457755	Q9UDY8	COc1ccc(NC(=O)C2CCN(c3ncccc3SC)CC2)cc1Cl
CHEMBL3632452	CHEMBL4460951	Q9UDY8	COc1cnc(NC(=O)C2CCN(c3ncccc3Cl)CC2)cc1Cl
CHEMBL3632452	CHEMBL4534539	Q9UDY8	COc1ccc(NC(=O)C2CCN(c3ncccc3Br)CC2)cc1Cl
CHEMBL3988583	CHEMBL4536749	P35270	Cc1c(C(=O)N2CC(N3CCC(F)(F)C3)C2)cnn1-c1nc2c(c(=O)[nH]1)CCC2
CHEMBL3988583	CHEMBL4583180	P35270	O=C(c1cnn(-c2cc3ccsc3c(=O)[nH]2)c1)N1CCC(C(F)(F)F)CC1
CHEMBL3988583	CHEMBL4592785	P35270	Cc1cc(=O)[nH]c(-n2ncc(C(=O)NCC3(c4ccccc4)CCCC3)c2C)n1
CHEMBL3988583	CHEMBL4460134	P35270	O=S(=O)(c1c(O)cc(Cl)cc1Cl)N1CCC2(CCC2)C1
CHEMBL3988583	CHEMBL4585262	P35270	O=C(c1c(O)cc(Cl)cc1Cl)N1CCC(Cc2cccnc2)C1
CHEMBL3988583	CHEMBL4543041	P35270	Cc1c(C(=O)N2CC(N(C)C(=O)OC(C)(C)C)C2)cnn1-c1nn2cccc2c(=O)[nH]1
CHEMBL3988583	CHEMBL4568274	P35270	CCN(C)C(=O)c1cnn(-c2nc(C)cc(=O)[nH]2)c1C
CHEMBL3988583	CHEMBL4536114	P35270	Cc1c(C(=O)N2CCC(c3nccs3)CC2)cnn1-c1nn2cccc2c(=O)[nH]1
CHEMBL3988583	CHEMBL4551115	P35270	Cc1c(C(=O)N2CCC3(CC2)CC3c2nnc(-c3ccccc3)o2)cnn1-c1nn2cccc2c(=O)[nH]1
CHEMBL3988583	CHEMBL4530897	P35270	Cc1nn(-c2nc3ccsc3c(=O)[nH]2)c(C)c1C(=O)N1CCC(C)(C)C1
CHEMBL3988583	CHEMBL4543230	P35270	CCCS(=O)(=O)N1CCN(C(=O)c2cnn(-c3nn4cccc4c(=O)[nH]3)c2C)CC1
CHEMBL3988583	CHEMBL4524966	P35270	CCN1CC2(CCN(C(=O)c3cnn(-c4nn5cccc5c(=O)[nH]4)c3C)CC2)C1
CHEMBL3988583	CHEMBL4574282	P35270	O=C(c1cnn(-c2nc3sccc3c(=O)[nH]2)c1)N1CCC(CC(F)(F)F)CC1
CHEMBL3988583	CHEMBL4591992	P35270	O=C(c1cnn(-c2nc3ccsc3c(=O)[nH]2)c1)N1CCC(C2CC2)CC1
CHEMBL3988583	CHEMBL4513411	P35270	Cc1c(C(=O)N2CCC(c3nc(-c4ccccn4)cs3)CC2)cnn1-c1nn2cccc2c(=O)[nH]1
CHEMBL3988583	CHEMBL4556390	P35270	Cc1c(C(=O)N2CCN(c3ncc(-c4ccnc(F)c4)s3)CC2)cnn1-c1nn2cccc2c(=O)[nH]1
CHEMBL3988583	CHEMBL4537861	P35270	O=c1[nH]c(-n2cc(OC3CCCC3)cn2)nc2c1CCC2
CHEMBL3988583	CHEMBL4537601	P35270	Cc1c(C(=O)N2CCc3nc(-c4ccccc4Cl)sc3C2)cnn1-c1nn2cccc2c(=O)[nH]1
CHEMBL3988583	CHEMBL4568805	P35270	Cc1c(C(=O)N2CCN(S(=O)(=O)c3cccc4c(N(C)C)cccc34)CC2)cnn1-c1nn2cccc2c(=O)[nH]1
CHEMBL3988583	CHEMBL4589729	P35270	Cc1c(C(=O)N2CCN(c3ccc(C(F)(F)F)cc3)CC2)cnn1-c1nn2cccc2c(=O)[nH]1
CHEMBL3988583	CHEMBL4532688	P35270	Cc1c(C(=O)N2CC3CC3(O)C2)cnn1-c1nc2ccsc2c(=O)[nH]1
CHEMBL3988583	CHEMBL4525560	P35270	COC1(C)CCN(C(=O)c2cnn(-c3nc4c(c(=O)[nH]3)CCC4)c2C)CC1
CHEMBL3988583	CHEMBL4570577	P35270	Cc1c(C(=O)N2CCC(C(F)(F)F)CC2)cnn1-c1nc2ccccc2c(=O)[nH]1
CHEMBL3988583	CHEMBL4553429	P35270	Cc1c(C(=O)N2CC3CCCC(C2)N3CCC(F)(F)F)cnn1-c1nn2cccc2c(=O)[nH]1
CHEMBL4518	CHEMBL4455311	Q15391	N#Cc1ccc(C(=O)Nc2cc(C(=O)O)cc(-c3ccc(C4CCNCC4)cc3)c2)cc1
CHEMBL4794	CHEMBL4464712	Q8NER1	O=[N+]([O-])c1cc(Cl)ccc1-n1cc(CN2CCc3c([nH]c4ccccc34)C2)nn1
CHEMBL4794	CHEMBL4448866	Q8NER1	CN(C)C1(Cc2ccccc2)CCN(c2cc(C(F)(F)F)ccc2CNC(=O)Nc2cccc3c(=O)[nH]ccc23)CC1
CHEMBL2414	CHEMBL4558456	P51679	C[C@@H]1CN(c2cnc3c(C#N)nn([C@H](C)c4ccc(Cl)cc4Cl)c3n2)CC[C@@H]1N1CCC[C@H]1CO
CHEMBL231	CHEMBL91729	P35367	Cc1ncccc1CN1CCC(=C2c3ccc(Cl)cc3CCc3cccnc32)CC1
CHEMBL231	CHEMBL90893	P35367	Clc1ccc2c(c1)CCc1cccnc1C2=C1CCN(Cc2cccnc2)CC1
CHEMBL231	CHEMBL4458676	P35367	Cc1cccc(CN2CCC(=C3c4ccc(Cl)cc4CCc4cccnc43)CC2)c1
CHEMBL231	CHEMBL4554533	P35367	Clc1ccc2c(c1)CCc1cccnc1C2=C1CCN(CC2CCCCC2)CC1
CHEMBL4051	CHEMBL4453629	P13569	COc1ncc(C2CCCC2)cc1CO[C@@H]1[C@H](c2ccccc2)N(C(=O)C2CCCCC2)[C@H](C(=O)O)[C@H]1C(C)(C)C
CHEMBL284	CHEMBL4577865	P27487	O=C(CCCCO[N+](=O)[O-])N[C@@H](CC(=O)N1CCn2c(nnc2C(F)(F)F)C1)Cc1cc(F)c(F)cc1F
CHEMBL1901	CHEMBL4544208	P32238	CCCC[C@H](NC(=O)[C@H](Cc1c[nH]c2ccccc12)NC(=O)CNC(=O)[C@H](CC(C)C)NC(=O)[C@H](Cc1ccc(CS(=O)(=O)O)cc1)NC(=O)[C@H](CC(=O)O)NC(=O)COCCOCCNC(=O)COCCOCCNC(=O)CC[C@H](NC(=O)CCCCCCCCCCCCC(=O)O)C(=O)O)C(=O)N(C)[C@H](CC(=O)O)C(=O)N(C)[C@@H](Cc1ccccc1)C(N)=O
CHEMBL1901	CHEMBL4459331	P32238	CCCC[C@H](NC(=O)[C@H](Cc1ccc(OS(=O)(=O)O)cc1)NC(=O)[C@H](CC(=O)O)NC(=O)COCCOCCNC(=O)COCCOCCNC(=O)CC[C@H](NC(=O)CCCCCCCCCCCCCCCCC(=O)O)C(=O)O)C(=O)NCC(=O)N[C@@H](Cc1c[nH]c2ccccc12)C(=O)N[C@@H](CCC(N)=O)C(=O)N[C@@H](CC(=O)O)C(=O)N[C@@H](Cc1ccccc1)C(N)=O
CHEMBL298	CHEMBL4459331	P32239	CCCC[C@H](NC(=O)[C@H](Cc1ccc(OS(=O)(=O)O)cc1)NC(=O)[C@H](CC(=O)O)NC(=O)COCCOCCNC(=O)COCCOCCNC(=O)CC[C@H](NC(=O)CCCCCCCCCCCCCCCCC(=O)O)C(=O)O)C(=O)NCC(=O)N[C@@H](Cc1c[nH]c2ccccc12)C(=O)N[C@@H](CCC(N)=O)C(=O)N[C@@H](CC(=O)O)C(=O)N[C@@H](Cc1ccccc1)C(N)=O
CHEMBL298	CHEMBL4554965	P32239	CCCC[C@H](NC(=O)[C@H](Cc1c[nH]c2ccccc12)NC(=O)CNC(=O)[C@H](Cc1ccc(O)cc1)NC(=O)[C@H](C)n1cc([C@@H](CCC(=O)O)NC(=O)CN2CCN(CC(=O)O)CCN(CC(=O)O)CCN(CC(=O)O)CC2)nn1)C(=O)N[C@@H](CC(=O)O)C(=O)N[C@@H](Cc1ccccc1)C(N)=O
CHEMBL2424	CHEMBL4532036	Q04760	O=S(=O)(Nc1ccc(CCc2ccc(F)cc2)c2cccnc12)c1ccccn1
CHEMBL3920	CHEMBL4441229	Q04759	COc1ncccc1CNc1ncc(C#N)c(NCC23CC4CC(C2)C(NC[C@H]2CC[C@H](O)CC2)C(C4)C3)n1
CHEMBL1907	CHEMBL4589359	P15144	N/C(=N\O)c1ccc(C(=O)NC(C(=O)NO)c2ccc(-c3cc(F)c(F)c(F)c3)cc2)cc1
CHEMBL1907	CHEMBL4535765	P15144	NS(=O)(=O)c1ccc(C(=O)NC(C(=O)NO)c2ccc(-c3cc(F)c(F)c(F)c3)cc2)cc1
CHEMBL1793	CHEMBL424859	Q03431	CC[C@H](C)[C@H](NC(=O)[C@H](CCC(=O)O)NC(=O)[C@H](CO)NC(=O)[C@H](C)/C=C(\Cl)[C@H](C)N)C(=O)N[C@@H](CCC(N)=O)C(=O)N[C@@H](CC(C)C)C(=O)N[C@@H](CCSC)C(=O)N[C@@H](Cc1c[nH]cn1)C(=O)N[C@@H](CC(N)=O)C(=O)N[C@@H](CC(C)C)C(=O)NCC(=O)N[C@@H](CCCCN)C(=O)N[C@@H](Cc1c[nH]cn1)C(=O)N[C@@H](CC(C)C)C(=O)N[C@@H](CC(N)=O)C(=O)N[C@@H](CO)C(=O)N[C@@H](CCSC)C(=O)N[C@@H](CCC(=O)O)C(=O)N[C@@H](CCCN=C(N)N)C(=O)N[C@H](C(=O)N[C@@H](CCC(=O)O)C(=O)N[C@@H](Cc1c[nH]c2ccccc12)C(=O)N[C@@H](CC(C)C)C(=O)N[C@@H](CCCN=C(N)N)C(=O)N[C@@H](CCCCN)C(=O)N[C@@H](CCCCN)C(=O)N[C@@H](CC(C)C)C(=O)N[C@@H](CCC(N)=O)C(=O)N[C@@H](CC(=O)O)C(=O)N[C@H](C(=O)N[C@@H](Cc1c[nH]cn1)C(=O)N[C@@H](CC(N)=O)C(=O)N[C@@H](Cc1ccccc1)C(=O)N[C@H](C(=O)N[C@@H](C)C(N)=O)C(C)C)C(C)C)C(C)C
CHEMBL1856	CHEMBL4540042	P31213	CC(NC(=O)[C@H]1CC[C@H]2[C@@H]3CC[C@H]4NC(=O)C=C[C@]4(C)[C@H]3CC[C@]12C)(c1ccccc1)C(F)(F)F
CHEMBL1787	CHEMBL4540042	P18405	CC(NC(=O)[C@H]1CC[C@H]2[C@@H]3CC[C@H]4NC(=O)C=C[C@]4(C)[C@H]3CC[C@]12C)(c1ccccc1)C(F)(F)F
CHEMBL2321630	CHEMBL4452833	Q10469	CC(C)(C)c1cc(C(C)(C)C)nc(N2CCn3c(nnc3-c3ccc(OC(F)(F)F)cc3)C2)n1
CHEMBL321	CHEMBL4522121	P14780	O=C(NCc1ccc(C(=O)Nc2ccc(S(=O)(=O)C3CCC[C@@H]3C(=O)NO)cc2)cc1)OCc1ccccc1
CHEMBL333	CHEMBL4522121	P08253	O=C(NCc1ccc(C(=O)Nc2ccc(S(=O)(=O)C3CCC[C@@H]3C(=O)NO)cc2)cc1)OCc1ccccc1
CHEMBL333	CHEMBL4574404	P08253	Cc1[nH]c2ccccc2c1CCNC(=O)CCCNCc1cc(Cl)c2cccnc2c1O
CHEMBL333	CHEMBL4516243	P08253	O=S(=O)(CC1CS1)c1ccc(-n2cc(-c3ccc(-c4ccncc4)cc3)nn2)cc1
CHEMBL245	CHEMBL4448944	P20309	O=C(OC1C[N+]2(CCCc3ccccc3)CCC1CC2)C(O)(c1ccccc1)c1ccccc1.[Br-]
CHEMBL211	CHEMBL4448944	P08172	O=C(OC1C[N+]2(CCCc3ccccc3)CCC1CC2)C(O)(c1ccccc1)c1ccccc1.[Br-]
CHEMBL1743183	CHEMBL4545014	Q16873	COc1cc(N(CC2CC2)c2cc(Cl)c(F)cc2F)cnc1C(=O)[C@H]1C[C@@H]1C(=O)O
CHEMBL1743183	CHEMBL4574439	Q16873	COc1cc(N(CC(C)C)c2cc(Cl)c(F)cc2F)cnc1C(=O)[C@H]1C[C@@H]1C(=O)O
CHEMBL1836	CHEMBL4574900	P35408	C[C@H](NC(=O)c1c(-c2ccccc2)nnn1CCOc1ccc(C(F)(F)F)cc1)c1ccc(C(=O)O)cc1
CHEMBL1075317	CHEMBL4593719	P61964	Cc1cc(F)ccc1-c1cc(Cn2ccn(C)c2=N)cc(C(=O)NCc2cc(Cl)cc(Cl)c2)c1
CHEMBL1075317	CHEMBL4518711	P61964	O=C(O)c1cc(Cl)cc(NS(=O)(=O)c2cc(Br)cc(Cl)c2O)c1O
CHEMBL4227	CHEMBL4436717	P25090	CCC[C@H](O)c1c(/C=C/[C@@H](O)[C@@H](O)CCCC(=O)OC)nc(C)n1C
CHEMBL5652	CHEMBL4582928	Q8TDV5	CC1(C)C[C@]2(CC[C@H](Oc3ncnc4c3CCN4c3ccc(S(C)(=O)=O)cc3F)CC2)CO1
CHEMBL5652	CHEMBL4521163	Q8TDV5	CC(C)(C)OC(=O)N1CCC(OC(=O)c2cn(-c3nc4ccccc4s3)nn2)CC1
CHEMBL5652	CHEMBL4515029	Q8TDV5	C[C@@H](O[C@H]1CC[C@]2(CC1)COC(C)(C)C2)c1nc(-c2ccc(CS(C)(=O)=O)c(F)c2)no1
CHEMBL3535	CHEMBL4515145	O76083	C[C@@H](Nc1nc2c(cnn2C2CCCC2)c(=O)[nH]1)C(=O)N1CC[C@@H](N(C)C)C1
CHEMBL1821	CHEMBL4461438	P08173	CCOC(=O)N1CCCC(N2CCC(c3ncccc3OC)CC2)CC1
CHEMBL1821	CHEMBL4468120	P08173	COc1ccc(CNC(=O)c2sc3c(c(C)cc4nc(C)nn43)c2N)cc1
CHEMBL1744525	CHEMBL4527968	P43490	O=C(/C=C/c1cccnc1)NCCCCCCc1cccc(S(=O)(=O)Nc2ccc(Cl)cc2)c1
CHEMBL1744525	CHEMBL4451262	P43490	O=C(/C=C/c1cccnc1)NCCCCCCCc1ccc(S(=O)(=O)Nc2ccccc2)cc1
CHEMBL1744525	CHEMBL4440516	P43490	CC(C)(C)OC(=O)NCCOCCOCC(=O)NCc1cccc(C(=O)N2CCC(CCCCNC(=O)/C=C/c3cccnc3)CC2)c1
CHEMBL3891	CHEMBL4571978	P07384	NC(=O)C(=O)C(Cc1ccccc1)NC(=O)[C@@H]1CCC(=O)N1Cc1ccccc1
CHEMBL3891	CHEMBL4588337	P07384	O=C(NC1CC1)C(=O)C(Cc1ccccc1)NC(=O)[C@H]1CCC(=O)N1Cc1ccccc1C(F)(F)F
CHEMBL1892	CHEMBL4587808	Q04609	CC(C)C[C@@H](OC(=O)N[C@@H](CCC(=O)O)C(=O)O)C(=O)O
CHEMBL2056	CHEMBL4452764	P21728	FC(F)(F)c1cc(Oc2nccc3ccccc23)ccc1-c1cccc2nccn12
CHEMBL3023	CHEMBL4473353	Q9NRA0	C=CCc1cc(-c2noc([C@@H]3CCCN3C(=N)N)n2)ccc1OCc1ccc(C(F)(F)F)cc1.Cl
CHEMBL1941	CHEMBL4456972	P25021	CC1CCCc2c(-c3ccc(F)cc3)nc(N)nc21
CHEMBL3922	CHEMBL4563305	P50579	Cc1csc(CNC(=O)[C@@]2(O)CCN(c3ccccc3)C2=O)c1
CHEMBL1790	CHEMBL4579754	P30518	CCNC(=O)[C@@H](CCCNC(=N)N)NC(=O)[C@@H]1C[C@@H](O)CN1C(=O)[C@@H]1CCSCCC(=O)N[C@@H](Cc2ccc(Cl)cc2)C(=O)N[C@@H](Cc2cccs2)C(=O)N[C@@H](C(C)C)C(=O)N[C@@H](CC(N)=O)C(=O)N1
CHEMBL1790	CHEMBL4521602	P30518	CCc1ccc(C[C@@H]2NC(=O)CCCSC[C@@H](C(=O)N3CCC[C@H]3C(=O)N[C@@H](CO)CCCNC(=N)N)NC(=O)[C@H](CC(N)=O)NC(=O)[C@H](C(C)C)NC(=O)[C@H](Cc3cccs3)NC2=O)cc1
CHEMBL1790	CHEMBL435323	P30518	CC(C)[C@@H]1NC(=O)[C@H](Cc2ccccc2)NC(=O)[C@H](Cc2ccc(O)cc2)NC(=O)CCSSC[C@@H](C(=O)N2CCC[C@H]2C(=O)N[C@H](CCCNC(=N)N)C(=O)NCC(N)=O)NC(=O)[C@H](CC(N)=O)NC1=O
CHEMBL1921	CHEMBL435323	P47901	CC(C)[C@@H]1NC(=O)[C@H](Cc2ccccc2)NC(=O)[C@H](Cc2ccc(O)cc2)NC(=O)CCSSC[C@@H](C(=O)N2CCC[C@H]2C(=O)N[C@H](CCCNC(=N)N)C(=O)NCC(N)=O)NC(=O)[C@H](CC(N)=O)NC1=O
CHEMBL3561	CHEMBL4547372	P24046	NC1=N[C@H](CC(=O)O)CS1
CHEMBL5406	CHEMBL4458225	Q86X55	C[C@H](N)C(=O)NCc1ccc(Oc2cccc3ccccc23)cc1.Cl
CHEMBL1275221	CHEMBL4458225	Q96LA8	C[C@H](N)C(=O)NCc1ccc(Oc2cccc3ccccc23)cc1.Cl
CHEMBL1855	CHEMBL4582222	P30968	COC(=O)c1ccccc1CN1CCN(c2c(C)n(Cc3c(F)cccc3C(F)(F)F)c(=O)n(C[C@H](N)c3ccccc3)c2=O)CC1
CHEMBL5879	CHEMBL4526974	O60760	CC(C)(O)[C@H]1CC[C@H](NC(=O)c2cnc3cc(OC(F)(F)F)ccc3c2)CC1
CHEMBL5879	CHEMBL4555427	O60760	COc1ccc2cc(C(=O)Nc3ccnn3C)cnc2c1
CHEMBL3983	CHEMBL4530475	P33981	COc1cc(C(=O)N(C)C)ccc1Nc1nc(OC2CCCCC2)c2cc[nH]c2n1
CHEMBL5957	CHEMBL4516795	P21589	N#Cc1ccc(Cn2nccc2-c2cc(F)c3nnn(-c4ccc5[nH]c(=O)[nH]c5c4)c3c2)cc1
CHEMBL3691	CHEMBL4466454	Q13822	CCCCCCn1c(C)cc(=O)n2cc(-c3ccc(Cl)cc3)nc12
CHEMBL225	CHEMBL4569512	P28335	COc1cc2c3c(c1)-c1c(cccc1OC(=O)c1ccc(F)cc1)C[C@H]3N(C)CC2.Cl
CHEMBL225	CHEMBL4516935	P28335	Cl.NC[C@H]1C[C@]1(F)c1cccc(Cl)c1
CHEMBL1250411	CHEMBL4517031	Q9UL62	C[C@H]1CC[C@H](CN2CCN(c3cn[nH]c(=O)c3Cl)CC2=O)CC1
CHEMBL1250411	CHEMBL4473077	Q9UL62	Cn1c(=O)n(CCCO)c(=O)c2c1cc(-c1cccc(OC(F)(F)F)c1)n2Cc1ccc(Cl)cc1
CHEMBL3860	CHEMBL4585643	O43924	CC(C)Cc1nnc(SCc2ccc(C(=O)Nc3ccc(-c4ccccc4)cc3)cc2)n1Cc1ccccc1
CHEMBL3860	CHEMBL4589625	O43924	COc1ccc(CCc2nnc(-c3ccc(OC(C)(C)C(=O)Nc4cnn(C)c4)cc3)n2Cc2ccccc2)cc1
CHEMBL3112379	CHEMBL4448125	Q8NHU3	COc1ccc(Cl)cc1COc1ccccc1C(=O)Nc1cccnc1
CHEMBL3864	CHEMBL4447485	Q06124	CCOC(=O)c1cc(O)c(=O)c2c(O)c(O)ccc2c1
CHEMBL5113	CHEMBL4448949	O43613	COc1ccc2c(c1)[C@]13CCN(S(=O)(=O)c4ccccc4)[C@H](C2)C1=CC[C@@H](N(C)C(=O)/C=C/c1ccoc1)C3
CHEMBL1075138	CHEMBL4447343	Q9NUW8	CC(C)c1ccc2c(c1)CC[C@@H]1[C@]2(C)CCC[C@@]1(C)CNC(=O)Nc1ccc(Cl)cc1
CHEMBL1075138	CHEMBL4571632	Q9NUW8	COc1c(N2CCN(CNc3ccc(S(=O)(=O)Nc4nc(C)cc(C)n4)cc3)C(C)C2)c(F)cc2c(=O)c(C(=O)O)cn(C3CC3)c12
CHEMBL1782	CHEMBL4471914	P14324	CC(C)c1cc2c(c(O)c1O)[C@@]1(C(=O)NCCO)CCCC(C)(C)[C@@H]1CC2
CHEMBL6024	CHEMBL4470464	O94907	CSCC[C@H](NC(=O)[C@@H]1CCCN1C(=O)[C@H](Cc1ccc(O)cc1)NC(=O)[C@H](CS)NC(=O)[C@H](Cc1cnc[nH]1)NC(=O)[C@@H]1CCCN1C(=O)[C@H](Cc1cnc[nH]1)NC(=O)[C@H](CC(N)=O)NC(=O)[C@H](CCCNC(=N)N)NC(=O)[C@H](CS)NC(=O)[C@H](CCCNC(=N)N)NC(=O)[C@H](Cc1ccccc1)NC(=O)[C@H](Cc1ccc(O)cc1)NC(=O)[C@H](CO)NC(=O)[C@H](C)NC(=O)[C@@H]1CCCN1C(=O)[C@@H](N)CS)C(=O)N[C@@H](CCC(=O)O)C(=O)N[C@@H](Cc1c[nH]c2ccccc12)C(=O)N[C@@H](CCCNC(=N)N)C(=O)N[C@@H](CS)C(=O)N[C@@H](CC(=O)O)C(=O)NCC(=O)N[C@@H](Cc1ccccc1)C(=O)N[C@@H](CCC(=O)O)C(=O)N[C@@H](CC(=O)O)C(=O)N[C@@H](CS)C(=O)N[C@H](C(=O)N[C@@H](CC(=O)O)C(=O)NCC(=O)N[C@@H](CO)C(=O)N[C@@H](CC(=O)O)C(=O)N[C@@H](CCC(=O)O)C(=O)N[C@@H](CC(C)C)C(=O)N[C@@H](CC(=O)O)C(=O)N[C@@H](CS)C(=O)NCC(=O)NCC(=O)NCC(=O)NCC(=O)O)C(C)C
CHEMBL2331065	CHEMBL4532629	Q9C0B1	Cc1noc(C)c1-c1cc(Cl)c(Nc2ccccc2-c2nn[nH]n2)c(Cl)c1
CHEMBL3879859	CHEMBL3945107	Q9HCE7	Cc1c(C(=O)Nc2c(C)n(C)n(C3CCC3)c2=O)noc1[C@@H]1CCC[C@H](C(C)(C)C)O1
CHEMBL3714130	CHEMBL4470569	P46095	Cn1cccc(C(=O)Nc2cc(C#N)ccc2N2CCC(C(F)c3cc(F)ccc3F)CC2)c1=O
CHEMBL3714130	CHEMBL4451957	P46095	COc1ccncc1C(=O)Nc1ccc(C)nc1N1CCC(Oc2ccc(F)cc2F)CC1
CHEMBL1250348	CHEMBL4515282	P01106	Cc1cc(CNCCC(=O)Nc2sc3c(c2-c2nc4cnccc4s2)CCNC3)no1
CHEMBL1250348	CHEMBL4536903	P01106	Cc1nc(CN(C)CCC(=O)Nc2sc3c(c2-c2nc4cnccc4s2)CCNC3)no1
CHEMBL1250348	CHEMBL4574231	P01106	Cc1cc(C)n(CCNCCC(=O)Nc2sc3c(c2-c2nc4cnccc4s2)CCNC3)n1
CHEMBL3713062	CHEMBL4471001	P10646	CSCC[C@H](NC(=O)CNC(=O)[C@H](CS)NC(=O)[C@H](Cc1ccccc1)NC(=O)[C@H](Cc1c[nH]c2ccccc12)NC(=O)[C@H](CCCCN)NC(=O)[C@H](Cc1ccc(O)cc1)NC(=O)[C@H](CCCNC(=N)N)NC(=O)[C@H](CO)NC(=O)[C@H](CCCCN)NC(=O)[C@H](CCCCN)NC(C)=O)C(=O)N[C@@H](CCCNC(=N)N)C(=O)N[C@@H](CC(=O)O)C(=O)N[C@@H](CCSC)C(=O)N[C@@H](CCCCN)C(=O)NCC(=O)N[C@H](C(=O)N[C@@H](CCSC)C(=O)N[C@@H](CO)C(=O)N[C@@H](CS)C(=O)N[C@H](C(=O)N[C@@H](Cc1c[nH]c2ccccc12)C(=O)N[C@@H](CCCCN)C(=O)N[C@@H](CCCCN)C(N)=O)C(C)C)[C@@H](C)O
CHEMBL3713062	CHEMBL4547511	P10646	CSCC[C@@H]1NC(=O)CNC(=O)[C@@H](NC(=O)[C@H](Cc2ccccc2)NC(=O)[C@H](Cc2c[nH]c3ccccc23)NC(=O)[C@H](CCCCN)NC(=O)[C@H](Cc2ccc(O)cc2)NC(=O)[C@H](CCCNC(=N)N)NC(=O)[C@H](CO)NC(C)=O)CSSC[C@@H](C(=O)N[C@H](C(=O)N[C@@H](Cc2c[nH]c3ccccc23)C(=O)N[C@H](C(=O)N[C@@H](CCCCN)C(=O)N[C@@H](Cc2ccccc2)C(N)=O)C(C)C)C(C)C)NC(=O)[C@H](CO)NC(=O)[C@H](CCSC)NC(=O)[C@H]([C@@H](C)O)NC(=O)CNC(=O)[C@H](CC(C)C)NC(=O)[C@H](CCSC)NC(=O)[C@H](CC(=O)O)NC(=O)[C@H](CCCNC(=N)N)NC1=O
CHEMBL3713062	CHEMBL4475900	P10646	C#CC[C@H](NC(=O)[C@H](Cc1ccccc1)NC(=O)[C@H](CCCCN)NC(=O)[C@@H](NC(=O)[C@H](Cc1c[nH]c2ccccc12)NC(=O)[C@@H](NC(=O)[C@@H]1CSSC[C@@H](NC(=O)[C@H](Cc2cnc[nH]2)NC(=O)[C@H](Cc2c[nH]c3ccccc23)NC(=O)[C@H](CCCCN)NC(=O)[C@H](Cc2ccc(O)cc2)NC(=O)[C@H](Cc2ccc(O)cc2)NC(=O)[C@H](CO)NC(C)=O)C(=O)N[C@@H](C)C(=O)N[C@@H](CCSC)C(=O)N[C@@H](CCCNC(=N)N)C(=O)N[C@@H](CC(=O)O)C(=O)N[C@@H](CCSC)C(=O)N[C@@H](CCCCN)C(=O)NCC(=O)N[C@@H]([C@@H](C)O)C(=O)N[C@@H](CCSC)C(=O)N[C@@H]([C@@H](C)O)C(=O)N1)C(C)C)C(C)C)C(N)=O
CHEMBL3713062	CHEMBL4522439	P10646	CC(=O)N[C@@H](Cc1ccccc1)C(=O)N[C@@H](CCC(N)=O)C(=O)N[C@@H](CO)C(=O)N[C@@H](CCCCN)C(=O)N1CCC[C@@H]1C(=O)N[C@@H](CC(N)=O)C(=O)N[C@H](C(=O)N[C@@H](Cc1cnc[nH]1)C(=O)N[C@H](C(=O)N[C@@H](CC(=O)O)C(=O)N[C@H](C)C(=O)N[C@@H](Cc1ccc(O)cc1)C(=O)N[C@@H](Cc1ccccc1)C(=O)N[C@@H](CCC(=O)O)C(=O)N[C@@H](CCCNC(=N)N)C(=O)N[C@@H](CC(C)C)C(=O)NC1(C(=O)N[C@@H](C)C(=O)N[C@@H](CCCCN)C(=O)N[C@@H](CC(C)C)C(N)=O)Cc2ccccc2C1)C(C)(C)C)C(C)C
CHEMBL3713062	CHEMBL4454272	P10646	CSCC[C@@H]1NC(=O)CNC(=O)[C@H](NC(=O)[C@H](Cc2ccccc2)NC(=O)[C@H](Cc2c[nH]c3ccccc23)NC(=O)[C@H](CCCCN)NC(=O)[C@H](Cc2ccc(O)cc2)NC(=O)[C@H](CCCNC(=N)N)NC(=O)[C@H](CO)NC(=O)CCC(=O)NCCCOCCOCCOCCCNC(=O)CCCCC2SC[C@@H]3NC(=O)N[C@H]23)CSSC[C@H](C(=O)N[C@H](C(=O)N[C@@H](Cc2c[nH]c3ccccc23)C(=O)N[C@H](C(=O)N[C@@H](CCCCN)C(=O)N[C@@H](Cc2ccccc2)C(N)=O)C(C)C)C(C)C)NC(=O)[C@H](CO)NC(=O)[C@H](CCSC)NC(=O)[C@H]([C@@H](C)O)NC(=O)CNC(=O)[C@H](CCCCN)NC(=O)[C@H](CCSC)NC(=O)[C@H](CC(=O)O)NC(=O)[C@H](CCCNC(=N)N)NC1=O
CHEMBL3713062	CHEMBL4540202	P10646	CC[C@H](C)[C@H](NC(=O)[C@@H](NC(=O)[C@H](CC(C)C)NC(=O)[C@H](Cc1ccccc1)NC(=O)[C@H](Cc1ccc(O)cc1)NC(=O)[C@H](CC(C)C)NC(=O)[C@H](CC(C)C)NC(=O)[C@H](CCCNC(=N)N)NC(=O)[C@H](CCC(=O)O)NC(=O)[C@H](CC(=O)O)NC(=O)[C@@H](NC(=O)[C@H](Cc1ccccc1)NC(=O)[C@@H](NC(C)=O)[C@@H](C)O)C(C)C)[C@@H](C)O)C(=O)NCC(=O)N[C@@H](CC(N)=O)C(=O)N[C@@H](CCSC)C(=O)NCC(=O)N[C@@H](CCSC)C(=O)N[C@@H](Cc1ccc(O)cc1)C(=O)N[C@@H](C)C(=O)N[C@@H](C)C(=O)N[C@@H](CCC(N)=O)C(=O)N[C@@H](CC(C)C)C(=O)N[C@@H](CCCCN)C(N)=O
CHEMBL3713062	CHEMBL4473601	P10646	CSCC[C@@H]1NC(=O)CNC(=O)[C@@H](NC(=O)[C@H](Cc2ccccc2)NC(=O)[C@H](Cc2c[nH]c3ccccc23)NC(=O)[C@H](CCCCN)NC(=O)[C@H](Cc2ccc(O)cc2)NC(=O)[C@H](CCCNC(=N)N)NC(=O)[C@H](CO)NC(C)=O)CSSC[C@@H](C(=O)N[C@H](C(=O)N[C@@H](Cc2c[nH]c3ccccc23)C(=O)N[C@H](C(=O)N2CCC[C@H]2C(=O)N[C@@H](Cc2ccccc2)C(N)=O)C(C)C)C(C)C)NC(=O)[C@H](CO)NC(=O)[C@H](CCSC)NC(=O)[C@H]([C@@H](C)O)NC(=O)CNC(=O)[C@H](CCCCN)NC(=O)[C@H](CCSC)NC(=O)[C@H](CC(=O)O)NC(=O)[C@H](CCCNC(=N)N)NC1=O
CHEMBL3713062	CHEMBL4513263	P10646	CC(=O)NCSC[C@H](NC(=O)[C@H]1CCCN1C(=O)[C@H](CCCCN)NC(=O)[C@H](CO)NC(=O)[C@H](CCC(N)=O)NC(=O)[C@H](Cc1ccccc1)NC(C)=O)C(=O)N[C@H](C(=O)N[C@@H](Cc1cnc[nH]1)C(=O)N[C@H](C(=O)N[C@@H](CC(=O)O)C(=O)N[C@H](C)C(=O)N[C@@H](Cc1ccc(O)cc1)C(=O)N[C@@H](Cc1csc2ccccc12)C(=O)N[C@@H](CCC(=O)O)C(=O)N[C@@H](CCCNC(=N)N)C(=O)N[C@@H](CC(C)C)C(=O)NC(C)(C)C(=O)N[C@@H](CS)C(=O)N[C@@H](CCCCN)C(=O)N[C@@H](CC(C)C)C(=O)NCCS)C(C)(C)C)C(C)C
CHEMBL3713062	CHEMBL4542848	P10646	CC(=O)N[C@@H](Cc1ccccc1)C(=O)N[C@@H](CCC(N)=O)C(=O)N[C@@H](CO)C(=O)N[C@@H](CCCCN)C(=O)N1CCC[C@@H]1C(=O)N[C@@H](CC(N)=O)C(=O)N[C@H](C(=O)N[C@@H](Cc1cnc[nH]1)C(=O)N[C@H](C(=O)N[C@@H](CC(=O)O)C(=O)N[C@H](C)C(=O)N[C@@H](Cc1ccc(O)cc1)C(=O)N[C@@H](Cc1ccccc1)C(=O)N[C@@H](CCC(=O)O)C(=O)N[C@@H](CCCNC(=N)N)C(=O)N[C@@H](CCC(C)C)C(=O)NC(C)(C)C(=O)N[C@@H](C)C(=O)N[C@@H](CCCCN)C(=O)N[C@@H](CC(C)C)C(N)=O)C(C)(C)C)C(C)C
CHEMBL3713062	CHEMBL4448929	P10646	CC[C@H](C)[C@H](NC(=O)[C@H](CC(=O)O)NC(=O)[C@@H]1CCCN1C(=O)[C@H](Cc1c[nH]c2ccccc12)NC(=O)[C@H](CCSC)NC(=O)[C@@H](NC(=O)[C@H](Cc1c[nH]c2ccccc12)NC(=O)[C@H](Cc1ccccc1)NC(=O)[C@H](Cc1ccc(O)cc1)NC(=O)[C@H](CCCNC(=N)N)NC(=O)[C@@H]1CCCN1C(=O)[C@H](Cc1cnc[nH]1)NC(=O)[C@@H](NC(=O)[C@H](CCC(N)=O)NC(=O)[C@H](Cc1c[nH]c2ccccc12)NC(=O)[C@@H](NC(=O)CNC(=O)[C@H](CO)NC(=O)[C@H](CCCCN)NC(=O)[C@H](CCCCN)NC(C)=O)C(C)C)[C@@H](C)O)[C@@H](C)O)C(=O)N[C@@H](CCCCN)C(=O)NCC(=O)N[C@@H](CCC(=O)O)C(=O)N[C@H](C(=O)N[C@H](C(=O)N[C@H](C(=O)N[C@@H](CC(C)C)C(=O)N[C@@H](Cc1ccccc1)C(=O)NCC(=O)N[C@H](C(=O)N[C@@H](CCCCN)C(=O)N[C@@H](CCCCN)C(N)=O)C(C)O)C(C)C)[C@@H](C)CC)C(C)C
CHEMBL3713062	CHEMBL4461879	P10646	CC(=O)N[C@@H](Cc1ccccc1)C(=O)N[C@@H](CCC(N)=O)C(=O)N[C@@H](CO)C(=O)N[C@@H](CCCCN)C(=O)NCC(=O)N[C@@H](CC(N)=O)C(=O)N[C@H](C(=O)N[C@@H](Cc1ccccc1)C(=O)N[C@H](C(=O)NC(C)(C)C(=O)NCC(=O)N[C@@H](Cc1ccc(O)cc1)C(=O)N[C@@H](Cc1ccccc1)C(=O)N[C@@H](CCC(=O)O)C(=O)N[C@@H](CCCNC(=N)N)C(=O)N[C@@H](CC(C)C)C(=O)NC(C)(C)C(=O)N[C@@H](C)C(=O)N[C@@H](CCCCN)C(=O)N[C@@H](CC(C)C)C(N)=O)C(C)C)C(C)C
CHEMBL1832	CHEMBL4572498	P30988	CC(C)C[C@H](NC(=O)[C@H](CCC(=O)O)NC(=O)[C@H](Cc1cnc[nH]1)NC(=O)[C@H](CC(C)C)NC(=O)[C@H](CCC(=O)O)NC(=O)[C@H](C)NC(=O)[C@H](CO)NC(=O)[C@H](CC(C)C)NC(=O)[C@H](CCCNC(=N)N)NC(=O)CNC(=O)[C@H](CC(C)C)NC(=O)[C@@H](NC(=O)[C@H](C)NC(=O)[C@@H](NC(=O)[C@H](CO)NC(=O)[C@@H](NC(=O)[C@H](CCC(=O)O)NC(=O)[C@H](CO)NC(=O)[C@H](C)NC(=O)[C@H](CCC(=O)O)NC(=O)CCCCCCCCCCCCCCCCC(=O)O)C(C)C)[C@@H](C)O)C(C)C)C(=O)N[C@@H](C)C(=O)N[C@H](C(=O)N[C@@H](CC(C)C)C(=O)N1CCC[C@H]1C(=O)N[C@@H](CCCNC(=N)N)C(=O)N[C@H](C(=O)N[C@@H](CCC(=O)O)C(=O)N[C@H](C(=O)NCC(=O)N1CCC[C@H]1C(=O)N[C@@H](CCC(=O)O)C(=O)N[C@@H](CO)C(=O)N1CCC[C@H]1C(N)=O)[C@@H](C)O)[C@@H](C)O)[C@@H](C)O
CHEMBL2079846	CHEMBL4521039	Q07889	COc1cc2nc(C)nc(N[C@H](C)c3cccc(C(F)(F)F)c3)c2cc1[C@]1(O)CC[C@H](C(=O)N(C)C[C@H](C)O)CC1
CHEMBL2079846	CHEMBL4449118	Q07889	Cc1nc(N[C@H](C)c2cc(N)cc(C(F)(F)F)c2)c2cc(C3CCS(=O)(=O)CC3)c(C)cc2n1
CHEMBL2079846	CHEMBL4588358	Q07889	COc1cc2nc(C)nc(N[C@H](C)c3cccc(C(F)(F)F)c3)c2cc1-c1ccc(C(=O)N2CCOCC2)cc1
CHEMBL2079846	CHEMBL4453639	Q07889	COc1cc2nc(C)nc(N[C@H](C)c3cccc(C(F)(F)F)c3)c2cc1-c1ccc(C(=O)N(C)CCO)cc1
CHEMBL2079846	CHEMBL4455004	Q07889	COCC(=O)N1CCC(O)(c2ccc3nc(C)nc(N[C@H](C)c4cccc(C(F)(F)F)c4)c3c2)CC1
CHEMBL2079846	CHEMBL4545115	Q07889	Cc1nc(N[C@H](C)c2cc(N)cc(C(F)(F)F)c2)c2cc([C@H]3CC[C@H](C(=O)N(C)[C@@H]4CCOC4)CC3)ccc2n1
CHEMBL2079846	CHEMBL4467754	Q07889	Cc1nc(N[C@H](C)c2cccc(Cl)c2F)c2cc(C3=CCNCC3)ccc2n1
CHEMBL1994	CHEMBL4442787	P08235	NS(=O)(=O)C[C@H]1COc2cc(F)ccc2N1C(=O)c1ccc2cc[nH]c2c1
CHEMBL3385	CHEMBL4474917	P27361	CC(C)n1cc(Nc2nccc(-c3ccn([C@H](CO)c4ccc(Cl)c(F)c4)c(=O)c3)n2)cn1
CHEMBL4040	CHEMBL4474917	P28482	CC(C)n1cc(Nc2nccc(-c3ccn([C@H](CO)c4ccc(Cl)c(F)c4)c(=O)c3)n2)cn1
CHEMBL4040	CHEMBL4547563	P28482	Cn1nccc1Nc1nccc(-c2ccc3c(c2)C(=O)N(Cc2ccc(Cl)c(F)c2)C3)n1
CHEMBL4040	CHEMBL4535176	P28482	O=C1c2cc(-c3ccnc(NC4CCOCC4)n3)ccc2CN1Cc1ccc(F)c(Cl)c1
CHEMBL2998	CHEMBL4458821	P56373	COc1ccc(OC)c(CCn2cnc3sc4c(c3c2=O)CCN(S(=O)(=O)N(C)C)C4)c1
CHEMBL2424504	CHEMBL4469253	P29375	CC(C)c1c(-c2cnn(C3CC3)c2)[nH]c2c(C#N)cnn2c1=O
CHEMBL2424504	CHEMBL4458334	P29375	CC(C)c1c(-c2cnn(C(C)C)c2)[nH]c2c(C#N)cnn2c1=O
CHEMBL252	CHEMBL4553625	P25101	COCCNS(=O)(=O)Nc1ncnc(OCCOc2ncc(SC)cn2)c1-c1ccc(Br)cc1
CHEMBL5870	CHEMBL4470356	Q02224	COc1cccc2nc(C(=O)N(CCN(C)C)[C@@H]3CS(=O)(=O)c4c3ccc(C(F)(F)F)c4F)c(-c3ccc(F)c(C)c3)n12
CHEMBL4080	CHEMBL4461212	P32247	COC(=O)c1c(F)cccc1-c1ccc(CCc2ncc(CC(C)(C)C)n2CCC(=O)O)cc1
CHEMBL4080	CHEMBL4580739	P32247	CC(C)(C)Cc1cnc(CCc2ccc(-c3cccc(F)c3C(=O)O)cc2)n1CCO
CHEMBL2337	CHEMBL4462786	P48067	Cl.O=C(NCC1(N2CCN(S(=O)(=O)C3CCC3)CC2)CCCCC1)c1ccc(Cl)cc1Cl
CHEMBL227	CHEMBL4444760	P30556	CCCCC1=NC(C(C)C)=C(CC(=S)N2CCCC2)CN1Cc1ccc(-c2ccccc2-c2noc(=O)[nH]2)cc1
CHEMBL2996	CHEMBL4564420	Q05655	CCCCCCCC(=O)O[C@H]1/C(=C/C(=O)OC)C[C@H]2C[C@H](CO)OC(=O)CCOc3ccc(-c4ccccc4)cc3C(=O)OCC(C)(C)[C@]1(O)O2
CHEMBL2049	CHEMBL4442222	P30559	CCCCCCCCCCCCCC(=O)NCCOCCOCCNC(=O)CSC[C@H](NC(=O)CNC(=O)[C@@H]1CSCCCC(=O)N[C@@H](Cc2ccc(O)cc2)C(=O)N[C@@H]([C@@H](C)CC)C(=O)N[C@@H](CCC(N)=O)C(=O)N[C@@H](CC(N)=O)C(=O)N1)C(=O)N(C)CC(N)=O
CHEMBL1861	CHEMBL4514200	P32754	O=C1CCCC(O)=C1C(=O)c1cccc(OCc2ccccc2F)c1
CHEMBL1741221	CHEMBL4567870	Q9Y4P1	O=C(CF)CNC(=O)[C@H](Cc1ccccc1)NC(=O)c1ccnc2ccccc12
CHEMBL238	CHEMBL4442592	Q01959	Brc1ccc(N2CCN(CCCn3nnnc3C(c3ccccc3)c3ccccc3)CC2)cc1
CHEMBL1951	CHEMBL4575225	P21397	C#CCN1CCC(/C=C\c2ccc(F)cc2)CC1
CHEMBL1875	CHEMBL4580044	Q13639	COc1ccc(CN2CCC(CCC(=O)c3cc(Cl)c(N)cc3OC)CC2)cc1O
CHEMBL2734	CHEMBL4584012	O14939	O=C(C#Cc1ccccc1)NCCN1CCC2(CC1)C(=O)NC[C@@H]2c1ccc(F)cc1
CHEMBL4105786	CHEMBL4458261	P41182	C[C@H]1CN(c2ncc(Cl)c(Nc3ccc4c(c3)n(CCC(C)(C)O)c(=O)n4C)n2)C[C@@H](C)N1C
CHEMBL4105786	CHEMBL4448503	P41182	C[C@@H]1CCCCN(C)c2cc(n3ncc(C#N)c3n2)Nc2cc3c(c(c2)O1)N(C)C(=O)CC3
CHEMBL1899	CHEMBL4458163	P46098	Fc1ccc(-c2ccc(-c3cn([C@H]4CN5CCC4CC5)nn3)s2)cn1
CHEMBL4616	CHEMBL4581511	Q92847	CCCC[C@H](N)C(=O)N[C@H](C(=O)N1CCC[C@H]1C(=O)N[C@@H](Cc1ccccc1)C(=O)N[C@@H](Cc1c[nH]c2ccccc12)C(=O)N[C@@H](CCCNC(=N)N)C(N)=O)[C@@H](C)O
CHEMBL4616	CHEMBL4463042	Q92847	CCCC[C@H](N)C(=O)N[C@H](C(=O)N1CCC[C@H]1C(=O)N[C@@H](Cc1ccccc1)C(=O)N[C@@H](Cc1c[nH]c2ccccc12)C(=O)N[C@@H](CCCNC(=N)N)C(=O)NCC(=O)N[C@H](C(=O)N[C@@H](CO)C(=O)N[C@@H](CC(C)C)C(=O)N[C@@H](CCCNC(=N)N)C(=O)N1CCC[C@H]1C(N)=O)C(C)C)[C@@H](C)O
CHEMBL3286	CHEMBL4550668	P00749	CC[C@H](C)[C@@H]1NC(=O)[C@H](Cc2ccc(O)cc2)NC(=O)[C@H](CCCNC(=N)N)NC(=O)[C@H](CO)NC(=O)[C@H](Cc2ccc(O)cc2)NC(=O)[C@H](C)NC(=O)[C@@H]2CCCN2C(=O)[C@@H](NC(C)=O)CSSC[C@@H](C(N)=O)NC(=O)CNC1=O
CHEMBL2179	CHEMBL4448041	P04062	CN(c1nc(-c2cccnc2)nc2ccccc12)[C@H]1CCc2ccccc2C1
CHEMBL4158	CHEMBL4565279	P49327	O=C(c1ccc(-c2nc3ccc(F)cc3o2)cc1)N1CCN(C(=O)C2(O)CC2)CC1
CHEMBL3060	CHEMBL4543598	Q9Y345	CCCCCCCC/C=C\CCCCCCCC(=O)N[C@@H](C(=O)O)C(C)C
CHEMBL258	CHEMBL4582324	P06239	COc1ccc2c(C(=O)Nc3ccc(NC(=O)c4nn(C5CCN(C(=O)NC(C)(C)C)CC5)c5ccccc45)cc3C)cnn2c1
CHEMBL2803	CHEMBL4582324	P43403	COc1ccc2c(C(=O)Nc3ccc(NC(=O)c4nn(C5CCN(C(=O)NC(C)(C)C)CC5)c5ccccc45)cc3C)cnn2c1
CHEMBL2634	CHEMBL4582324	P41240	COc1ccc2c(C(=O)Nc3ccc(NC(=O)c4nn(C5CCN(C(=O)NC(C)(C)C)CC5)c5ccccc45)cc3C)cnn2c1
CHEMBL4446	CHEMBL4452574	Q9Y5K2	CC[C@H](C)[C@@H]1NC(=O)[C@H](CCCCN)NC(=O)[C@@H]2CCCN2C(=O)[C@@H]2CSSC[C@@H]3NC(=O)[C@H](C)NC(=O)CNC(=O)[C@@H]4CCCN4C(=O)[C@@H]4CSSC[C@H](NC(=O)[C@H](Cc5ccc(O)cc5)NC(=O)CNC(=O)[C@H](CC(N)=O)NC(=O)CNC(=O)[C@H](CCCNC(=N)N)NC(=O)[C@H](CSSC[C@H](NC(=O)[C@H](CCCCN)NC(=O)[C@H](CCCCN)NC(=O)[C@H](CC(C)C)NC1=O)C(=O)N[C@@H](CCCNC(=N)N)C(=O)N[C@@H](CCCNC(=N)N)C(=O)N[C@@H](CC(=O)O)C(=O)N[C@@H](CO)C(=O)N[C@@H](CC(=O)O)C(=O)N4)NC(=O)[C@H]([C@@H](C)CC)NC3=O)C(=O)NCC(=O)N[C@@H](CO)C(=O)NCC(=O)N[C@@H](CO)C(=O)N[C@@H](CC(=O)O)C(=O)NCC(=O)NCC(=O)N[C@@H](Cc1ccccc1)C(=O)N2
CHEMBL4625	CHEMBL4560892	Q07817	O=C(NS(=O)(=O)c1ccc(N[C@H](CCN2CCOCC2)CSc2ccccc2)c([N+](=O)[O-])c1)c1ccc(-c2ccc(F)cc2)c(S(=O)(=O)O)c1
CHEMBL5521	CHEMBL4476210	Q8NCG7	CCCCCCCCCCCC(C[C@@H]1OC(=O)[C@H]1CCCCCC)OC(=O)[C@H](CC(C)C)NC=O
CHEMBL5545	CHEMBL4476210	Q9Y4D2	CCCCCCCCCCCC(C[C@@H]1OC(=O)[C@H]1CCCCCC)OC(=O)[C@H](CC(C)C)NC=O
CHEMBL1804	CHEMBL4541310	P30874	COc1cc2cc(c1Cl)N(C)C(=O)C[C@H](OC(=O)[C@H](C)N(C)C(=O)CCSSCCCN[C@H](Cc1ccccc1)C(=O)N[C@H]1CSSC[C@@H](C(=O)N[C@H](C(=O)O)[C@@H](C)O)NC(=O)[C@H]([C@@H](C)O)NC(=O)[C@H](CCCCN)NC(=O)[C@@H](Cc3c[nH]c4ccccc34)NC(=O)[C@H](Cc3ccc(O)cc3)NC1=O)[C@@]1(C)O[C@H]1[C@H](C)[C@@H]1C[C@@](O)(NC(=O)O1)[C@H](OC)/C=C/C=C(\C)C2
CHEMBL1804	CHEMBL501796	P30874	CSCC[C@H](NC(=O)[C@H](C)NC(=O)[C@@H]1CCCN1C(=O)[C@H](CC(N)=O)NC(=O)[C@H](CO)NC(=O)[C@H](CC(N)=O)NC(=O)[C@H](C)NC(=O)[C@@H](N)CO)C(=O)N[C@@H](C)C(=O)N1CCC[C@H]1C(=O)N[C@@H](CCCNC(=N)N)C(=O)N[C@@H](CCC(=O)O)C(=O)N[C@@H](CCCNC(=N)N)C(=O)N[C@@H](CCCCN)C(=O)N[C@@H](C)C(=O)NCC(=O)N[C@H]1CSSC[C@@H](C(=O)O)NC(=O)[C@H](CO)NC(=O)[C@H]([C@@H](C)O)NC(=O)[C@H](Cc2ccccc2)NC(=O)[C@H]([C@@H](C)O)NC(=O)[C@H](CCCCN)NC(=O)[C@H](Cc2c[nH]c3ccccc23)NC(=O)[C@H](Cc2ccccc2)NC(=O)[C@H](Cc2ccccc2)NC(=O)[C@H](CC(N)=O)NC(=O)[C@H](CCCCN)NC1=O
CHEMBL1804	CHEMBL4575530	P30874	CO[C@H]1C[C@H]2OC[C@@]2(OC(C)=O)[C@H]2[C@H](OC(=O)c3ccccc3)[C@]3(O)C[C@H](OC(=O)[C@H](OC(=O)OCCSSC[C@H](NC(=O)[C@@H]4CSSC[C@H](NC(=O)[C@H](N)Cc5ccccc5)C(=O)N[C@@H](Cc5ccc(O)cc5)C(=O)N[C@H](Cc5c[nH]c6ccccc56)C(=O)N[C@@H](CCCCN)C(=O)N[C@@H]([C@@H](C)O)C(=O)N4)C(N)=O)[C@@H](NC(=O)OC(C)(C)C)c4ccccc4)C(C)=C([C@@H](OC)C(=O)[C@]12C)C3(C)C
CHEMBL5545	CHEMBL4558419	Q9Y4D2	CCCCCCC/C=C\CCCCCCCC(=O)OC(COC(C)C)COP(C)(=O)F
